RT_price_resid,DA_price_resid,load_resid
-0.10981178,2.3926334,-27.5542
0.7278881,2.3837357,-49.5625
-1.0736198,1.9475822,-27.374756
-1.8820705,1.7984047,-62.664307
-0.9201107,1.9554691,-32.02539
-0.4418869,1.8456669,-34.052246
-0.6840191,2.4540977,5.7841797
0.8600826,1.4805679,-49.47412
1.8939095,2.4371529,20.10913
0.26447487,2.1682358,6.6833496
0.6953316,1.314228,-51.157227
-1.2290268,2.2063637,-27.687744
-0.76828194,1.1933556,-25.421875
2.3878403,1.5259438,5.9052734
0.4285946,0.75928116,-7.1862793
0.21720505,1.3559761,4.64209
0.35923958,0.71040535,-24.286377
-0.5616474,0.4222908,-32.390137
-0.1762371,0.35954094,-28.239014
-0.8710079,0.4123726,-50.490723
0.8064499,0.13539505,-57.802002
-1.5476742,0.23169136,-79.98877
-0.63975906,0.6459274,-61.316895
0.92216873,1.4542694,-48.979004
-0.8850899,0.29537582,-74.833496
-0.20916748,0.34915924,-55.7334
-1.2636604,-0.5712242,-76.75928
-1.8514347,-0.3786621,-69.38989
-1.3551769,-0.6213875,-75.446045
-1.645649,-0.3324356,-44.085693
-0.5565262,-0.49006653,-65.10449
-0.7400265,-0.15594101,-54.196533
-0.8888588,-0.5829849,-3.9692383
-0.17120361,-0.39347458,-21.749023
-0.6159172,-0.03413391,34.556152
1.4527645,0.3558197,59.79956
-3.915947,0.8077698,79.553955
-2.470848,-0.18221664,44.61255
-2.4064865,-0.5998268,52.254395
-3.100586,-0.94124603,27.442871
-3.7254524,-0.9969444,95.27539
-3.436884,-1.5824928,56.88867
-4.229307,-1.4683838,12.050537
-3.9402313,-0.6637497,33.68042
-4.4512177,-1.6012459,24.167969
-2.940899,-1.1936569,26.857666
-5.3658466,-0.76558304,8.188965
-0.41316605,-1.0989914,18.312256
21.26285,0.41907883,20.57959
-5.374443,0.32489395,-9.893066
-5.775076,-0.14152527,-16.098145
-4.0331745,0.27280045,3.800293
-6.3356953,-0.29471588,-55.37622
17.928741,-0.52763367,-93.88379
12.065231,0.56166077,-42.296387
0.3618126,2.189312,31.959717
-5.3773994,1.3910065,-7.0373535
-6.9370174,1.5222244,-2.09375
-6.420595,2.045086,44.34082
-5.1058083,0.6881256,22.33374
-10.109644,-2.2991142,-3.8269043
-6.46134,-1.0013962,19.117432
-5.765394,-2.8272438,-54.8916
-1.8569775,-3.8302116,-76.81543
-2.3280468,-3.6531181,-67.51709
-2.8787708,-3.7111626,-92.59375
-8.348686,-3.3456192,-37.0979
-11.365738,-2.5803986,-46.16162
-7.5100727,-3.4434433,-48.611084
-8.752636,-3.8765106,-41.759033
-9.748205,-3.8218346,-40.347656
-7.615103,-3.8562431,-64.605225
3.4884033,-3.2244453,-48.432617
6.183674,-2.5176086,-14.683838
5.0043793,-2.8039742,-0.62353516
2.660698,-3.5392723,1.0251465
0.5451317,-3.3807564,24.965576
2.335762,-3.1824837,40.537354
0.029502869,-4.3053207,20.600342
2.2686234,-3.737915,43.415527
2.8460464,-4.192089,23.905273
4.400181,-4.7910843,-11.293457
1.178875,-4.629936,2.9160156
4.4034157,-4.207432,55.462402
-0.017681122,1.9252701,78.08667
0.12577057,1.71064,84.77344
-0.5043373,0.74279404,37.541504
2.4638214,1.3380051,46.29712
0.66083145,0.6887512,9.390625
0.3164177,0.6694565,50.170166
-0.7300377,0.8641281,30.60791
0.024616241,0.76109314,34.43286
-3.304596,0.82881165,6.197754
-0.6528435,1.9067345,66.822754
-3.6463928,1.4706955,29.384766
-3.4476395,0.7686386,28.060059
-2.5586205,-1.7295647,42.039307
-1.8985023,-2.3373566,5.975586
-2.4083061,-2.0751534,44.429443
-2.3440514,-1.8148956,48.58008
-4.314293,-1.7860756,44.73828
-4.4610977,-2.510624,22.874512
-5.2391014,-3.0157928,12.729248
-4.907936,-3.6490593,5.5927734
-5.924183,-3.247303,4.20459
-6.06427,-3.2856255,19.592041
-5.5567474,-3.0076637,30.190918
-5.404812,-3.048668,66.440674
-3.9059334,-2.7524872,48.21875
-2.3002625,-2.2965317,80.798584
-5.631447,-2.6896133,59.75
-6.436924,-2.928627,67.45386
-6.669029,-2.6189651,71.994385
-5.7957687,-2.8249588,88.52832
-6.5198936,-2.4451714,77.28345
-5.417347,-3.0913925,45.053223
-6.246769,-2.6708527,58.039307
-7.767647,-3.2491455,0.41308594
-4.431595,-3.7828293,-14.447754
-7.881485,-3.9624786,1.3269043
-6.951252,17.590157,-30.305176
-5.8097076,18.103676,15.108398
-4.782215,18.79435,16.882812
-6.428196,18.681873,0.70458984
-7.43758,18.440117,19.689209
-7.120369,18.30011,-26.91504
-5.5097275,18.65038,-3.5800781
-6.908222,18.710602,-2.7304688
-6.193989,18.957756,-16.329102
-6.918148,19.664791,1.6120605
-6.8222427,19.067307,14.746582
-0.48477554,17.477486,-61.64453
-10.255207,14.915146,-75.46484
-9.293198,14.420891,-94.45557
-8.604778,14.8007965,-75.40039
-12.464348,14.798546,-39.726074
-14.129559,14.01162,-72.76758
-11.785923,14.777229,-20.164062
-12.162376,14.701035,-21.726562
-10.617771,14.727081,-9.419434
-1.4192619,15.295418,-29.513184
-4.339981,15.157913,-24.124512
-1.7523842,14.429527,-49.13916
5.154114,14.455666,-9.758301
-13.479519,5.7274017,-21.707031
-14.652264,5.844467,4.2993164
-14.994396,6.0803986,11.637695
-20.656097,5.5437164,-6.959961
-20.567596,4.599701,-22.331543
-22.712475,4.344223,-17.481934
-18.461403,5.284607,17.085938
-14.909309,5.860901,16.740723
-15.660671,6.8421783,103.08252
-15.172417,8.088837,139.12598
-12.70153,7.524719,147.43164
-20.402058,5.6075287,122.47656
-11.132717,-3.9273834,75.9043
-12.655441,-4.717514,29.1792
-11.085632,-4.124008,43.16455
-11.16254,-2.9763641,43.299316
-12.231907,-3.3017273,-30.452637
-12.639923,-3.2805786,-81.896484
-14.912472,-2.448883,-79.82324
-11.1739235,-2.437561,-61.90674
-13.279118,-2.3112335,-82.1582
-12.442375,-1.0140686,-55.453613
-13.853165,-1.1245575,-55.36914
-13.00209,-4.704178,-97.28516
87.00868,-6.997299,-62.109375
20.259258,-6.519806,-70.19141
19.407528,-5.7332916,-56.581055
22.486748,-5.379532,-79.48047
2.843689,-5.256592,-63.931152
6.674034,-4.919281,-7.716797
3.2305374,-4.6731567,-27.312988
-8.899235,-5.257866,-30.629395
6.437359,-5.5975647,-61.20508
-9.149395,-5.7899246,-63.229492
3.569069,-7.3191986,-153.5039
-11.562687,-9.6497345,-96.55615
-32.650143,-26.076965,-36.016113
-25.673088,-25.107773,-22.683594
-19.229092,-25.005142,-48.591797
-11.595074,-24.866913,29.128906
-10.13578,-26.108765,-0.40234375
-6.9556313,-28.020859,-46.640625
-16.548733,-26.889877,-34.21289
-14.312611,-27.05481,-163.28369
-9.486603,-26.809692,-86.49512
-11.526642,-25.859283,-107.89111
-10.134537,-24.77369,-111.742676
-6.572895,-26.37603,-79.58496
-12.063236,0.5733223,-33.843994
-6.461891,1.2080841,-23.50415
-0.60160446,2.8656158,29.396484
47.308933,1.538826,47.641357
5.73444,2.9554787,105.38379
4.2273445,3.2900047,61.431152
2.0799255,2.901291,92.45215
3.2713413,3.962162,214.63794
2.63377,3.6435394,108.79907
5.797043,4.289654,120.27124
6.7668076,5.3462906,175.54834
6.350315,4.2290916,162.41626
-5.351433,-0.6714401,175.25171
-0.21370697,-0.86403275,154.14014
-1.7069855,-1.4897919,154.86206
-10.131832,-1.6181755,65.50903
-1.0260582,-0.4581337,23.647217
-1.3531532,-0.65278625,29.553223
0.3595047,-1.2854309,-35.464844
1.2121658,-2.2959442,-79.90674
4.1532974,-0.8094063,-44.880127
1.4091797,-0.2630043,-1.3012695
-0.40797424,0.014987946,6.4331055
-0.41860962,3.490078,-14.3186035
5.921623,0.99354553,-19.794922
2.0278244,1.2203789,-4.466797
1.8303032,0.48923492,-31.135254
-0.7433319,0.15543365,-45.247803
2.8112183,1.064991,-0.115234375
4.0827084,1.0865211,-18.669922
1.3775444,0.030693054,53.35962
1.6185646,0.042617798,41.736572
1.6025352,-0.34688187,55.440918
3.9420605,-1.3989182,7.6691895
0.75361633,-2.2089424,20.286133
-0.760437,1.9818535,-7.6174316
-3.5634346,16.003578,-39.15674
1.0078754,16.34047,-49.029785
-0.36279678,16.769169,-5.4904785
-5.861145,17.8792,53.003662
1.8609657,17.528423,49.097412
3.2472534,17.239761,53.835938
-1.4118595,17.075191,-3.791504
0.7003975,17.434174,17.90747
-0.014780045,16.516853,-23.714355
2.3769474,17.100521,12.020264
7.9233494,17.261635,-18.790283
9.960318,18.567432,-51.526855
5.1484547,-16.914974,-121.77319
-2.6906128,-16.78941,-117.28638
1.5673904,-16.172607,-93.19653
0.33615112,-16.398735,-95.809326
-3.6604595,-16.299099,-94.56909
-4.476715,-15.818619,-56.58008
-3.2434635,-15.967396,-67.47266
-5.8181114,-15.706207,-66.41504
-6.3925095,-15.023148,-26.851562
-6.718279,-15.227928,-29.25415
-8.536369,-15.454426,15.337402
-13.218636,-13.926464,4.8652344
12.494694,5.4951134,79.37915
11.760441,5.658615,118.77515
8.253597,5.130123,143.6836
6.9330463,4.8698997,135.25269
9.032864,4.8470497,118.46802
8.07132,4.138088,89.29443
3.3577766,4.271431,79.944824
5.7939224,4.208912,72.995605
4.499815,4.173168,56.75952
11.1048565,5.143177,89.629395
9.198326,5.2834167,82.53027
8.663725,4.6720695,80.190674
9.421848,3.5643158,61.627197
5.211174,3.3483238,4.2958984
4.2369537,2.9667587,-33.438477
9.839266,2.4556885,-44.497314
8.798723,3.3959007,-34.766113
10.312674,4.235031,16.222656
9.657537,4.6128006,19.192383
5.5601387,4.878607,42.794434
6.9308357,5.2133102,29.448975
5.731201,4.63715,56.40454
8.62677,4.5039597,44.045654
7.702183,3.6486511,52.891846
4.6331825,1.1223297,5.6918945
7.044031,1.3416977,38.60913
7.193529,1.3796272,63.136475
0.49728394,0.5564461,50.53662
1.4714031,0.10506058,91.5061
0.25183868,-1.2636414,-2.814209
0.7887192,-1.2034531,34.853027
-0.07435608,-1.5712357,-14.438232
1.5919895,-1.2556686,14.013428
2.7424126,-1.2071342,-13.515869
1.3546963,-1.0661812,26.374268
0.91399574,0.8656845,50.690918
1.0859146,3.0617714,59.02368
1.1301765,2.8343887,37.833496
0.28282166,2.2649384,14.766846
4.2987328,1.7594376,-10.955078
4.4620743,1.3771057,-71.74927
5.3985863,2.4595451,-20.541992
6.8017807,2.602871,-36.28662
6.605625,3.3829498,14.306152
5.4263725,3.7165146,60.430176
4.7444,3.0064392,30.876953
4.3038387,2.0961723,12.841064
4.459381,1.9056625,-13.65625
5.413357,2.5381508,0.21435547
8.2200775,3.0306892,49.203125
8.796209,2.6224937,66.779785
7.6617985,2.9262009,70.81006
9.7584,3.4142685,75.15796
8.498108,2.976612,108.27661
8.151655,2.497509,79.42627
6.2369843,2.3497696,87.00244
5.344391,1.2151489,23.895996
4.5025864,1.7999306,46.994385
3.5769196,1.3995247,29.811523
6.4996986,2.034172,26.15625
0.7026367,1.5446625,42.39746
7.5490417,1.1230164,43.30298
4.619652,-0.12802887,-12.331055
3.0350952,-0.9478569,-31.432861
3.837677,-0.015029907,28.612793
4.7487984,0.22287369,-10.217285
5.479454,0.9809685,70.01123
6.038143,0.76913834,47.86548
6.5299873,0.701252,87.2666
3.747631,0.616909,91.38599
2.8598938,0.7266998,103.48779
9.498989,0.45942688,101.83447
-10.621935,6.7946053,113.724365
-1.1236687,6.3088303,97.90234
-0.5712471,6.318737,155.7268
-2.145874,5.4451485,126.072266
0.00459671,5.129833,66.0686
0.5991936,5.441765,118.75659
-1.026638,4.7606735,93.27173
-2.9658508,4.6932983,90.654785
-5.106823,3.6906815,8.936279
-1.2582474,4.577339,23.10791
0.70890045,5.615223,81.59961
0.013957977,5.116432,80.46997
1.783577,11.556755,52.319336
-1.4299011,11.405907,41.211426
-2.052887,10.285122,-19.000244
-2.2178154,10.273991,-26.776367
-4.502983,10.9437065,36.354492
-3.697773,11.104935,-1.3283691
-1.3445168,11.543762,18.488037
-2.7908554,11.869549,34.340332
-4.188404,11.736729,66.51904
-4.2296066,12.248741,136.60449
-1.9710503,11.525215,75.64111
-1.8745079,11.728874,119.92529
3.6084518,3.246544,35.08789
4.7492447,2.4860687,27.746094
3.7297325,2.7452927,26.200928
2.9166603,2.838707,37.52466
-0.03055191,1.7475967,-18.520264
-0.3440628,1.5014725,-44.8667
-0.03696823,1.1090698,-52.080322
2.600441,1.488617,-77.94946
4.9959755,1.8839188,-60.22583
2.3280945,0.708786,-106.331055
3.265812,1.8738403,-76.25879
51.336945,2.0116577,-63.606934
-19.656525,-2.371605,15.626953
16.782417,-2.0933685,3.2023926
27.727837,-1.8396835,32.530273
26.185192,-2.5031357,2.322998
-3.5457573,-3.646965,0.49560547
23.270916,-3.330635,37.886963
24.203175,-3.4517136,5.7478027
24.383007,-3.2271347,59.593018
-5.004528,-3.482933,56.09375
19.731697,-4.780777,-15.326416
19.523464,-5.0013885,17.282715
9.668541,-7.115898,22.959229
26.34988,3.9773178,3.178955
21.372906,3.5888748,30.977295
17.155205,3.6397934,23.038086
20.840462,4.188858,49.325195
24.480053,4.325859,41.661133
16.58934,4.5631332,81.69629
20.233192,5.045494,136.45972
17.583,3.4109268,114.23682
18.459614,3.7796326,97.426025
15.214344,4.28965,91.20361
18.73214,3.3985062,77.22583
16.346973,1.947197,103.82666
14.342609,18.62983,77.271484
15.137848,19.148605,80.206055
12.413101,17.739471,99.06738
15.413338,18.394348,125.16162
12.665932,19.222542,140.67285
12.342995,18.261597,127.19873
13.310776,16.831596,83.19531
13.670685,17.525604,28.422852
11.968521,17.359123,38.753418
12.655197,17.974709,122.98389
11.258965,18.065208,101.71631
12.573936,19.118431,107.32324
11.558525,7.1378326,80.2168
15.100693,6.1748047,72.15918
9.204468,7.8058167,60.121582
6.1813965,7.585724,74.60498
8.083,6.353012,62.731445
9.380272,6.5879974,55.06299
8.805115,6.9187317,18.354492
7.423538,7.3846893,20.536621
9.796066,6.9754944,0.0063476562
2.5379562,6.2641907,-56.36133
3.5612183,6.2490387,-101.20459
5.9895477,6.3770905,-103.40723
18.131065,65.73505,-81.40283
13.860168,66.498535,-66.06787
13.146202,67.45598,-78.57178
10.988861,67.168945,-81.71338
-1.2901382,66.773315,-68.427246
26.70404,66.55948,-67.49365
484.8838,66.807816,-91.543945
19.31424,67.58273,-41.501953
20.951149,68.23018,-1.8608398
8.309212,67.868484,-15.147949
11.469719,67.76073,-0.63183594
58.38488,67.11467,80.526855
59.722176,13.7733,-108.07373
28.453804,12.406174,-127.42432
20.926025,13.518494,-101.91943
38.010323,13.068878,-77.94092
32.461884,11.842194,-71.27246
27.179916,11.653793,-72.59473
-60.401016,7.0053253,24.060547
4.14283,12.738434,10.654785
16.220032,9.928848,-10.152344
8.3975525,7.38295,26.166992
25.714073,4.016205,-42.785156
26.924995,1.2567444,-66.677734
7.097595,11.949265,-9.041016
20.578217,15.795944,-45.791504
49.677124,17.332306,30.024414
83.27269,15.061981,32.470215
88.1464,16.442291,-1.9882812
75.87175,15.192047,65.12109
65.70572,12.761261,43.82422
78.56125,15.657211,99.50488
88.4014,21.178574,130.12354
39.11621,13.958618,125.98291
35.056778,14.426956,134.9126
108.969986,13.328476,98.25928
80.90553,-3.035263,84.67578
90.43194,-2.2051392,115.135254
89.2677,3.8966675,121.262695
19.698776,2.2103424,95.78223
66.18084,1.8145752,129.90332
73.4679,-0.39065552,106.56836
182.06256,4.618805,94.80322
180.43184,0.6290741,20.689941
184.15088,-2.5613708,56.137207
287.5929,8.050934,-26.311523
259.02722,9.640305,-48.498535
46.94806,-6.061569,-40.251465
47.195312,-68.13052,85.393555
13.70224,-69.44029,81.97412
31.107758,-68.52763,93.762695
57.331642,-67.60861,57.660156
-1.0693359,-69.42474,14.702637
40.88681,-69.99141,1.8198242
-28.873009,-73.18199,-32.45703
15.216858,-71.904465,65.90967
-37.957367,-72.63742,40.552734
-64.63433,-74.48842,85.73779
-46.33795,-76.63487,71.66943
-9.081711,-81.79857,39.182617
-47.209892,-18.668213,306.58545
-23.914627,-18.044098,226.89355
-19.147156,-19.382294,146.50879
-0.19963837,-15.563568,182.36719
287.73474,-9.676804,194.95898
-2.7176437,-9.978088,155.38574
20.827393,-7.01001,225.89355
20.507423,-5.465851,191.61523
19.924065,-3.6317139,182.60059
40.91327,-4.3392105,188.81787
37.598557,-4.6302032,229.2041
28.733536,-4.4480133,281.2339
-13.275818,7.90094,149.23682
-17.30294,5.1991653,171.88135
-16.664124,8.620377,123.9917
0.7034683,9.063629,50.948242
-58.104782,8.902481,142.1792
-8.19426,16.687935,89.44336
48.02307,15.98745,110.31348
16.358398,15.426361,114.07568
9.04216,14.01033,115.10254
3.9762115,17.602158,79.09131
-21.796638,23.00238,100.862305
-11.483093,26.604042,71.430176
-0.5694885,14.562828,81.94971
32.838936,14.571579,17.49707
-1.5312653,11.287361,23.097168
-3.91288,6.126793,-55.56006
-4.384552,2.1394882,-148.17627
-2.6069794,4.984642,-23.629883
-1.0667496,5.1618347,-125.796875
-4.0876923,0.7755356,-95.01953
-2.783287,1.2175903,-82.52588
5.733963,1.3625259,-54.25244
-0.2912674,-2.3151245,-47.192383
1.5738297,8.214195,-155.4458
-21.192295,2.3135452,-127.51758
-31.997917,2.701149,-23.042969
-21.360214,2.0925674,-48.761475
-29.2653,0.32546234,-77.44873
-30.01931,5.170784,-32.127686
-35.828163,2.5949173,-22.972412
-36.321087,-1.2479172,-31.142334
-29.67699,5.7155914,-33.750732
-21.350258,7.3725204,-54.07251
-30.451859,1.9676132,-31.148438
-28.835518,0.4075699,25.192871
-25.899467,5.5538864,-13.689209
-29.354012,-10.203537,-82.386475
-4.141083,-11.264847,-81.818115
-21.287582,-10.117821,-50.80249
-17.044632,-9.256378,-45.28247
-9.775993,-10.01194,-9.852539
-9.389103,-8.648628,18.251465
-4.4290886,-7.564171,57.231445
-7.115467,-7.968704,38.01416
-6.004837,-7.755768,42.443115
-3.2362976,-6.6057587,54.859863
-3.4754982,-6.370285,1.2324219
-4.9632263,-6.0984726,-54.28589
108.39253,7.5025635,84.704346
110.44392,8.395992,118.23804
86.3221,8.066666,108.69531
17.758568,8.191982,96.42456
16.926544,8.884693,65.98389
17.30592,8.708607,102.336914
17.68787,8.114212,70.12256
1.5759468,8.541462,15.810791
3.8352013,9.06562,73.54224
7.6333084,9.207912,89.00464
7.9329853,9.271786,93.1438
3.6618195,9.858971,96.05347
-23.23627,5.816036,135.4104
-27.076897,4.853256,125.29712
-26.29958,3.783886,113.79126
-13.142269,3.1298866,117.356445
-6.6988163,1.375515,148.35107
-3.3001995,-0.47237778,88.82788
-11.390917,-0.9548874,88.5437
-11.2091465,0.663044,117.28223
-6.2359715,1.0995636,123.70532
-5.6880455,0.7184372,98.22754
-2.805479,0.5393295,125.329346
-2.6740875,1.8469162,123.41553
-5.5779877,-0.5888672,56.33496
-0.74487686,-1.3111649,39.28833
1.438036,0.2920189,41.13867
3.9505692,-0.28428268,20.895996
1.415659,-1.2630653,55.087402
-2.5128956,-0.18150711,142.9768
-1.9552383,-0.12756729,87.634766
-0.9456806,-0.38669205,87.94287
-0.8126259,0.3745308,94.36499
1.4343128,1.691658,99.81958
1.6678867,1.7646599,53.292236
-0.79797363,3.8913078,50.966064
-1.2249012,7.7645607,47.139893
-4.476391,8.109261,80.23926
-7.6252346,7.9426346,68.12451
-6.9963493,8.923557,74.34326
-2.971342,10.220222,29.708984
-3.0329227,9.810993,-44.354492
-4.877903,8.71162,-25.74707
-3.9830322,7.3447227,1.6235352
-5.470112,6.974106,-36.33008
-0.3140583,7.641018,-7.621582
-4.1246777,7.607708,12.552002
-3.777876,7.852154,24.416016
-7.364811,5.080536,37.896484
-4.519129,3.710907,-14.6640625
-5.4710293,3.522396,0.77001953
-3.7906933,3.035904,-3.1323242
-2.9847927,2.9730644,-1.9074707
-3.1263561,3.1599884,-9.200928
-4.427931,3.0785294,-14.464355
-2.8108654,2.5423355,-27.411621
-4.874674,2.7623482,30.786621
-5.9419155,2.0644875,41.393066
-4.375145,2.2186928,9.2578125
-4.6292534,2.5692215,6.7629395
-5.0160484,1.7134018,-4.4699707
-1.3417873,1.6291008,31.059326
-0.3046074,1.6010551,43.28418
-1.866312,1.9304848,67.965576
-0.95886993,1.6910095,44.773438
1.4103622,1.3124237,67.656006
-1.681282,1.8310966,81.0542
-1.6282101,1.9501572,71.261475
-0.42803,1.4279099,50.35327
-2.1327171,1.1322365,8.529297
-2.021553,1.6791115,53.684082
-1.1621475,1.7401772,22.35669
-3.3084564,6.7467194,49.215576
-4.7105007,6.295738,-5.6518555
-0.95230675,5.1005363,-44.494385
-1.6591377,4.883194,-12.76001
1.303011,4.9412766,-28.479248
8.063776,5.297531,-21.92627
-1.5907421,5.9086304,-11.504639
0.5669193,6.5238686,46.869873
1.1448402,6.233242,46.036865
-3.5090218,6.323723,87.27368
-3.1359463,6.3224144,92.42505
-1.8789616,6.5075226,122.72339
-3.5935078,15.576035,115.4729
-1.9795113,15.63081,149.4878
-2.2046928,15.54129,208.04688
-2.9999084,13.81892,124.3501
1.5479221,13.795097,171.88452
4.5283775,13.0522995,130.71582
5.1287613,12.715401,159.26025
2.8040123,12.368881,116.99365
3.3485107,12.099339,127.579834
5.347542,11.746403,99.34961
3.618061,11.798908,93.39331
6.135479,12.42099,97.56543
2.2075367,2.8765411,130.18872
-2.2884521,2.9567184,113.92578
-2.6686897,1.9110413,75.628174
-1.7911263,1.8744049,46.11084
-4.7393684,1.3759918,50.908447
-5.35009,2.0599365,70.369385
-4.343357,2.0932617,47.6687
-3.5721207,2.6414642,67.95752
-5.646755,2.2673416,50.113525
-9.590157,1.5506592,38.01709
-11.317753,1.8501434,81.15039
-13.388351,2.2042313,80.826416
-8.939131,49.633224,18.6958
-10.684608,49.805916,35.133545
-11.598934,49.24288,37.697754
-12.511484,49.254257,49.274902
-13.657936,48.43125,-6.2910156
-11.599604,48.858406,13.383301
-9.271061,48.816116,12.151611
-9.143391,48.464172,-19.725342
-10.937447,48.443542,-27.758545
4.5021553,48.71183,-32.864258
-7.570797,48.089157,-59.489014
5.192959,47.75351,3.005371
23.498962,0.35606384,-96.372314
24.482918,0.39479065,-116.30078
49.784042,0.46322632,-183.60205
20.726051,0.36930847,-155.08057
9.534599,-0.33424377,-123.95654
6.6014786,-1.0926514,-187.85791
12.550476,-0.3384552,-139.27344
12.83886,0.7568054,-96.33252
16.739803,1.6972656,-80.46533
8.496002,0.50027466,-45.443115
9.53054,0.3766327,-110.17285
9.405457,-1.2693939,-141.4126
24.060188,1.1188965,-97.8457
18.557995,1.3952789,-47.208008
7.734497,2.9627838,82.180176
9.262276,3.2957306,101.903076
64.20197,1.3432465,50.68872
62.883995,0.3104248,82.50586
60.227615,-1.137085,48.236816
63.86835,-0.96333313,53.570557
58.09874,0.5112152,139.3064
63.993523,0.11087036,107.7312
64.51045,1.0132751,132.09937
75.58172,-1.179596,199.5398
68.175476,18.61444,202.20361
67.98767,18.520187,139.88818
72.324455,17.905167,98.60547
77.86664,17.63942,88.71484
59.173912,16.482147,70.32861
60.682205,17.033463,85.05957
57.368866,17.649353,66.118164
51.872925,16.708939,60.921387
54.79988,15.868378,21.361816
51.042824,14.541565,-42.486816
50.374825,14.720001,-65.59082
45.981155,8.442596,-55.629883
47.82193,81.768906,-90.305176
46.580147,83.10664,17.20996
125.073166,84.095825,7.935547
46.979416,84.457016,41.50879
125.476616,83.3322,62.265625
121.55483,83.38899,31.190918
46.194176,83.841995,58.02832
42.63463,81.96735,29.94043
42.403305,82.22017,62.5
40.66767,81.66315,70.94824
42.25699,81.454834,105.021484
39.7106,80.19908,124.26172
42.38243,16.456635,-59.00049
45.800278,15.247559,-115.62744
15.42868,15.305176,-54.46875
23.171799,15.607849,-27.313965
3.1708527,13.01593,-51.86621
10.632507,13.116913,-75.29883
14.89212,12.879913,-57.43506
19.621048,13.636749,-31.277832
13.650589,15.620361,-49.375
11.633545,14.619293,-93.65527
3.4976196,15.835693,-118.72705
-0.5845032,18.579529,-108.70459
51.30188,-24.870773,-92.84424
40.608047,-24.093521,-90.06055
112.07077,-21.671127,-19.273926
37.96102,-20.227371,28.13086
25.154778,-22.093185,-27.478027
28.80114,-23.950241,7.4995117
21.488274,-22.945663,-53.52832
20.658058,-22.754044,-94.461426
14.937576,-23.133194,-11.885254
74.30662,-22.200974,-25.479004
28.634377,-20.762222,-83.33301
25.408127,-24.570145,-21.187012
77.964386,71.42682,79.88721
21.610481,73.22296,131.5747
97.99785,73.25862,45.32666
57.41532,74.56828,43.722656
36.731194,73.50255,2.4658203
34.022934,75.22919,-25.493652
34.22796,75.32823,55.7041
35.362694,74.860825,24.308594
35.063065,77.96005,65.4082
50.52214,76.91113,-5.102539
58.16564,76.4265,41.915527
60.454254,63.062088,44.177734
34.1456,-35.197495,-65.74219
29.864159,-34.972153,-104.39502
10.207184,-34.87996,-3.0625
25.555756,-33.212814,60.26367
26.42221,-33.32811,97.06543
35.094856,-34.207413,104.68506
99.720566,-36.59453,22.77246
48.89736,-37.144333,15.67041
44.66295,-36.010056,-8.088379
74.60895,-36.43416,-1.9726562
24.787285,-34.651627,-44.643555
60.46425,-36.75157,-13.248047
78.53536,4.3914337,112.94824
89.23052,4.523712,120.46338
62.19545,6.0125427,136.9082
51.174416,5.0484924,133.43213
60.87961,5.091797,62.64453
41.542953,7.500778,74.58008
232.09244,7.9361877,108.5542
50.278404,8.328873,84.163574
217.75867,7.748535,81.793945
41.111473,7.8881226,73.504395
207.36873,8.791016,76.44385
13.888817,6.659363,46.418945
117.98311,-42.700897,72.34863
177.801,-42.087906,46.967285
189.36234,-42.683914,34.058594
47.41449,-42.39662,19.195312
48.920998,-42.640503,13.155762
56.153366,-41.402176,-21.35205
10.747253,-44.03282,12.375488
24.60083,-42.40039,-20.63379
0.9638519,-45.3479,-9.512207
25.163483,-45.95427,-4.121582
13.5855255,-49.580093,9.642578
50.02082,-50.68602,35.449707
-6.676544,7.6532593,155.12354
-41.513268,8.640869,165.24316
-9.236694,8.697662,183.66602
19.961708,8.68631,128.81885
31.30709,9.88559,197.98438
42.86348,8.655151,202.46387
39.36692,8.397263,208.84375
35.47751,9.741104,230.56982
30.071167,13.226822,183.14404
51.950706,13.870377,189.2002
48.171936,15.177338,229.896
36.934525,18.662628,164.76318
25.457596,1.3996887,120.015625
-17.165794,-1.2247314,137.32373
-25.048111,-0.18519592,58.573242
-10.98613,1.9723511,35.776855
-10.958809,3.9202728,74.81152
-23.63343,1.8806915,61.12793
-14.836121,5.059189,-4.820801
-43.57341,3.352417,-57.618164
-37.468494,4.7901,18.46875
-43.146824,7.639374,34.996582
-33.5812,11.588821,18.763672
-18.480515,16.602295,10.658203
-30.352982,-12.108955,18.805664
-21.845726,-11.308769,-23.785645
-33.082752,-11.212059,-0.9699707
-27.576878,-14.539177,-43.384277
-29.707653,-10.7445755,-40.362793
-32.207207,-7.356163,-21.756348
-45.326683,-10.228294,-30.817139
-23.332699,-10.967094,32.943848
-30.871517,-13.227577,32.729736
-21.456295,-14.827415,-65.775635
5.247429,-14.848259,-26.716797
3.8422394,-6.4814377,-66.79932
-11.3360405,-19.476189,31.7417
-3.566761,-19.78164,-4.171875
-1.1577148,-19.299744,60.406494
-5.5949097,-19.163498,85.4209
-6.0539207,-20.118858,82.23877
-4.584118,-19.473793,82.41748
107.62102,-19.124268,44.331055
39.529366,-18.71386,42.83789
0.68911743,-18.547844,7.6013184
0.90034103,-17.39093,40.2041
-5.566349,-16.690369,93.61841
3.0049438,-15.633163,34.120117
-5.9964485,15.5750675,113.944824
-8.54221,15.268732,143.7605
-9.272011,12.902622,91.625244
0.19086075,12.5719795,67.47363
8.015015,13.049171,71.3147
7.94442,12.161724,64.59253
-12.587959,10.429626,92.12573
1.8353539,11.656857,88.95288
11.564903,11.551262,92.06494
15.088713,11.490997,163.46802
9.456961,9.373943,139.51514
13.033148,11.068651,178.94873
-4.672325,5.1425743,134.11719
1.8422012,4.924217,95.535645
2.9490356,4.084984,69.33374
10.141712,3.1566353,34.647217
9.345814,4.2764626,105.53906
9.903622,3.5487328,85.36694
5.579651,2.345749,62.2688
5.3656845,3.520321,58.583496
11.489107,4.1561546,79.598145
5.8440704,1.5439034,120.843506
2.8709488,1.3458633,138.63477
3.0510597,6.856529,71.53076
87.901,-1.2090263,59.581543
50.75938,-1.362423,61.14209
1.6971588,0.23764801,48.328857
-3.2508087,0.3499527,71.352295
0.9606323,-0.46112823,37.697266
1.501358,-1.2393036,73.14429
-2.0094109,-0.38531494,55.95288
0.6461563,0.52780914,110.724365
-1.311142,-1.0497589,131.6123
2.8387985,-0.7318115,0.5119629
2.252697,-0.002506256,-29.714111
0.68055725,4.4097977,5.088135
-17.798115,2.1755104,74.59424
-16.207716,2.6807709,84.82715
-11.235054,2.908989,92.36426
-7.173252,1.3360138,53.84961
-11.107981,0.21721649,62.31543
-7.540098,-0.5975952,64.31494
-11.463261,-0.9777603,3.9631348
-11.240017,0.2508545,17.382568
-6.512928,-0.11358261,-41.85205
-9.515949,0.13441467,21.203613
-5.1985817,1.0780563,34.198242
-1.9175167,2.880928,37.0542
-10.115591,4.3993607,11.502686
-8.115967,4.10923,40.645508
-6.6854267,4.0883255,-1.534668
-6.4628487,3.3455658,-0.018066406
-4.2204647,3.4800987,22.695312
-5.5284786,4.0279846,-29.398193
-6.0772724,4.306389,2.684082
-8.925661,3.5803375,-22.484863
-5.819702,5.2214165,15.888184
-5.0335007,5.299835,-14.580566
-5.22361,4.985382,16.31665
-5.094677,4.9390907,-6.0195312
-4.2975636,1.1288376,-3.352295
-4.0537033,1.8092003,-2.9594727
-5.4651165,0.94228363,21.247803
-3.450386,1.6708832,14.44043
-2.9657955,3.1361656,3.5820312
-6.526266,2.2687035,3.3598633
-5.869009,0.8424187,3.8271484
-2.4271336,0.91438293,42.047363
-6.443268,0.64604187,6.126953
-2.8564606,0.53393936,9.916992
-6.218176,0.36031723,-22.529541
-7.753273,0.49106598,-4.348877
-5.4097137,3.134529,-28.832275
2.713499,3.2202187,12.875244
3.0891838,2.8618011,-13.043945
-5.5344753,2.4814148,1.7307129
-5.376358,2.3700294,-24.870361
-4.340288,2.6021957,5.802002
-2.3954124,3.1169014,31.490723
-3.6818905,2.8119545,-1.387207
-4.202656,2.6028862,21.370605
-2.8442268,2.7219048,40.666016
-3.2191525,2.6584778,85.583984
-0.40607643,2.4339752,46.631836
-3.5623016,1.0047531,96.161865
-0.10378647,0.46284485,44.825195
-2.8355808,0.46635437,108.251465
-2.0948486,-0.17206573,101.86548
-4.6142445,-0.18529129,113.48364
-1.5948544,-0.0353508,126.468994
-1.4519997,-0.2854576,136.73682
-1.277853,0.13399887,161.57178
-2.2138767,-0.06378555,154.26953
-2.1583538,-0.6209297,141.71338
-3.002901,-1.1932335,108.30737
-1.420435,-1.3008118,122.0022
-6.1375294,19.167095,108.938965
-2.8534145,19.48912,134.80396
-3.6531029,19.27562,105.88745
-4.379305,18.376732,31.322754
-4.6493626,18.504265,61.4834
-5.967663,18.419071,42.80493
-4.647011,18.964,60.733154
-4.7363186,19.742126,90.898926
-3.6550674,19.677086,66.79761
-3.6620274,19.396782,37.068115
-3.9486046,18.956001,15.871338
-4.0924606,19.796638,69.75073
-8.95837,-14.624947,18.131348
-6.154314,-14.993881,20.94629
-9.349724,-15.141563,11.965332
-10.71508,-15.170746,29.248535
-13.53249,-16.467796,11.550537
-11.581858,-15.733879,39.770752
-10.786623,-16.403008,14.298828
-9.9668865,-17.227707,-3.0930176
-10.063345,-16.780083,31.062744
-12.219646,-16.934715,65.433105
-13.06406,-16.788177,90.17578
-13.062164,-16.791328,68.34473
2.2120132,2.1584015,75.30859
14.780876,1.8752899,18.551025
15.77589,1.5971146,55.643066
-7.7747707,1.6289673,61.96118
-7.792799,1.5530128,-9.951416
-5.9922447,1.3428574,7.7460938
1.9664612,1.6958237,43.836426
1.4449959,1.5436897,13.139648
4.47937,1.6880112,34.841064
12.645126,2.0408974,11.614258
10.308678,1.9071579,5.4975586
11.943863,0.7081642,-42.05298
1.4413872,2.4034882,11.450684
4.249283,4.406143,111.381836
-0.09720993,3.8887863,100.32007
6.110077,2.9402962,35.401123
3.399334,2.6738396,101.16089
3.3285065,1.0431328,10.831787
10.296791,0.24695587,-21.659912
4.316101,1.0523376,15.489258
-8.651543,1.4382439,-35.5542
-11.9426,0.9269104,-26.018799
-11.738991,0.50543594,-25.798584
-8.373302,0.18375397,64.882324
-7.5108147,26.032272,33.135742
-0.9704399,25.419197,50.871094
-5.5968895,25.297066,21.106934
-6.467392,25.087357,40.22754
-6.1882668,23.942078,24.947754
-6.4607925,24.853561,59.442383
-7.408882,25.083008,68.04614
-7.362526,24.90432,59.60913
-5.04945,25.634758,107.79443
1.2131386,25.132622,110.99585
0.22952652,24.702194,63.953125
-5.462837,26.193844,92.83887
-5.222931,4.098648,36.449707
-7.834198,4.2383575,42.416016
-8.949036,5.222809,70.20752
-9.38615,5.338089,92.93164
-8.350494,4.06398,32.90332
-10.056877,3.9514694,42.433594
-9.58651,3.6749115,48.09424
-8.901993,3.3013,17.012207
-11.833469,4.0716095,45.495605
-5.8825684,3.9828644,25.523926
-10.918823,4.8641434,8.330566
-8.073647,4.90036,-8.2734375
-1.2180481,12.974808,-22.250977
-0.26676178,13.163757,0.0390625
-1.5098228,14.026596,19.813477
-12.381958,14.579926,52.876953
-13.212185,14.048111,37.01123
-14.357849,13.685135,26.189453
-15.500938,13.5347595,-25.418457
-16.662193,13.465591,-11.745605
-19.487782,13.48114,-32.924805
-18.917763,13.242554,-87.04736
-14.592503,14.344009,-62.32715
-15.425304,12.665283,-38.99463
-26.752028,35.54904,-71.51074
-26.729145,34.93489,-100.85303
-22.54221,35.758896,-107.58252
-19.871124,35.893097,-88.55029
-22.800255,34.92343,-93.65039
-22.593864,35.458862,-105.6416
-21.660648,36.102783,-106.25293
-21.538555,36.122437,-35.98242
-10.756458,37.23517,-27.26123
-14.271194,37.764847,11.186523
-7.3881836,38.00859,35.449707
-8.637474,33.446136,47.475098
-0.73181915,-60.040718,-14.352051
-5.4655495,-60.211662,-10.36377
2.0531883,-59.186256,47.63672
48.387917,-59.07406,66.31641
25.81218,-59.96525,50.836914
23.90474,-60.12806,33.726562
30.723656,-59.854668,79.197266
41.85086,-60.571815,1.9418945
41.170998,-59.036644,33.713867
32.90118,-58.418144,47.15869
32.64586,-58.485924,48.42383
40.60392,-60.538063,12.425781
-3.6284218,18.613861,178.91992
-10.219807,19.83908,175.43555
1.5544434,19.270546,189.46777
43.41455,19.314606,191.20557
3.2404442,20.237854,144.9082
70.31573,20.20404,166.17969
33.265915,20.008087,186.45508
35.255356,19.527924,182.26807
31.818237,19.039818,219.4585
75.006226,20.160507,218.34668
58.171143,19.695,230.60889
50.178265,13.825882,253.05322
40.152992,-8.083107,196.82617
95.674324,-8.191803,162.55957
96.03972,-9.115631,111.68359
27.721825,-10.1185,107.68652
30.643093,-8.525558,142.99219
19.408554,-8.67778,122.41504
24.050781,-8.971237,68.75928
26.346481,-10.264603,56.983887
28.668556,-10.707443,37.833008
24.265984,-11.789612,43.44629
33.77546,-12.995995,-6.6879883
23.291924,-14.235397,4.069824
31.23388,-24.444744,-21.41748
7.0488434,-24.881176,22.668457
0.34459686,-25.924809,40.95752
4.28907,-25.016834,-36.58496
10.752701,-24.691769,-13.265625
2.8320618,-25.303707,-79.29834
8.079254,-24.675335,-39.601074
55.337265,-20.730282,-26.78125
0.68307495,-20.53172,-52.12793
-31.155453,-20.65002,-15.255859
-40.024727,-20.59306,-3.0185547
335.75037,-13.842289,-116.89258
329.71475,-2.8105469,-27.429688
337.09686,-3.5419693,-86.22998
354.0132,-3.8696442,-150.13477
354.71185,-3.616745,-167.04297
246.76337,-6.214123,-238.896
250.28305,-5.0057373,-173.4292
245.97354,-3.5364304,-180.15186
238.10185,-3.4428024,-125.29639
247.39993,-2.1481705,-129.95801
257.72156,-0.4729309,-111.18213
263.25397,1.0125389,-35.188477
183.64162,-2.182045,98.76611
166.22496,-2.8532486,100.80444
147.9465,-2.3121185,176.49512
138.48819,-4.8715324,280.3125
148.26433,-11.80238,359.2107
120.835495,-16.586147,374.26978
103.34003,-19.3306,345.8452
152.29817,-22.396992,247.12866
66.15033,-25.920399,166.64917
-53.93033,-26.500568,195.32715
-83.44741,-23.641216,187.36841
-75.87209,-24.796818,156.15918
-77.482925,-24.46767,143.98218
-107.2923,-31.003662,181.50415
-96.57478,-27.849152,242.52466
21.127594,-32.10968,208.97705
-105.29155,-33.629677,208.229
-89.67302,-32.368088,195.70142
-95.74955,-35.006073,160.50195
-24.568405,-38.404617,179.57666
-92.408104,-32.770096,172.09424
-73.471924,-28.636803,108.12622
-51.061756,-27.979942,99.38867
-44.471687,-26.354897,74.9541
-40.909386,-15.729107,32.017334
-54.691166,-19.313004,4.5148926
-54.051846,-18.902515,-11.492432
-68.8523,-10.73027,21.670166
-42.85692,1.1578217,16.856445
-35.761524,3.3863487,-44.933838
-34.72879,6.6478806,1.2341309
-46.42389,6.488806,-36.46753
-36.440445,7.3617077,-44.976562
-35.298668,8.158592,-83.21265
-38.97257,9.141846,-99.19678
-36.66492,10.147577,-112.41504
-37.294743,12.949469,-106.05151
-4.667839,24.839083,-35.093506
-0.79239655,24.477179,-71.92139
9.120262,24.346632,-87.83301
11.595459,25.589018,-69.58472
253.69426,26.142233,-59.10034
150.23596,23.069078,-30.80957
41.214783,24.723993,-16.979004
22.740364,23.993631,-75.87842
25.8522,20.547998,-82.22949
29.95182,19.00289,-42.342285
39.948494,19.437368,-63.27417
32.82236,16.09762,-61.579346
24.209045,7.408615,-53.580566
24.004894,4.139164,-65.361084
21.213425,5.458227,-99.60571
25.249237,3.7538662,-64.048584
-19.464714,-2.0671463,-34.203125
-8.614288,-0.03451729,-35.390625
7.430092,0.57024765,1.9477539
16.22818,-3.9142265,28.035156
26.609428,-6.6910934,75.48755
30.146366,-6.531582,37.408936
4.4082413,-5.092888,1.6879883
9.518082,-3.8803825,-14.228516
23.417439,-4.5907784,21.244873
27.900131,-5.72208,32.90039
22.609806,-4.6724663,86.80054
-20.545675,-4.8217773,113.907715
-31.174715,-7.2353477,97.43823
-28.294619,-7.799061,76.78247
-20.636402,-5.8709984,60.269043
-25.934729,-8.639347,73.74463
-28.465984,-10.47179,85.58374
-32.10488,-8.84663,38.270508
-32.898285,-7.987751,74.72339
-33.70997,-7.2166862,72.39111
-28.353638,-3.127697,61.83081
-32.227966,-2.1982899,10.915283
-29.02114,-2.5070877,11.069092
-17.41667,-1.946516,6.078369
-18.179564,1.7303238,18.964355
-20.788614,3.5835419,26.99878
-20.969028,2.575035,26.832031
-16.216913,7.2562656,10.703125
-11.432455,11.517679,-28.965576
-11.95562,9.29044,-46.61035
-13.132271,7.010706,-14.914795
-11.171925,7.281275,-2.6862793
-18.970432,6.5244675,-9.384766
-8.859846,6.5043335,-7.510254
-14.672697,6.209646,-19.695312
-16.69891,6.72657,-33.509766
-13.027353,5.675661,-20.24121
-12.3835335,4.813101,-14.485596
-11.9948845,4.9277534,-29.981934
-12.294895,5.300617,-37.651855
-10.19301,5.9138145,-35.899414
-9.125315,6.1973095,-14.733643
-7.9478226,5.9455585,-49.96753
-8.577175,6.282099,-47.3396
-10.20784,4.981058,-51.231445
-10.813598,4.7277813,-36.063477
-13.412508,3.942543,-76.66333
-11.216736,3.8070507,-40.6875
-8.433611,3.6606998,-48.188477
-7.4110374,3.4288712,-79.73364
-7.0928383,2.8430805,-56.274902
-7.6187134,1.4090538,-61.876953
-7.134961,1.1305866,-42.4021
-8.906065,0.32095146,-74.25928
-10.902286,0.049800873,-62.253418
-8.408631,0.14216423,-58.49878
-6.601407,-0.028963089,-64.65625
-1.4868412,-0.52918816,-78.339355
-1.4669132,-0.8929634,-59.597656
-2.54245,-1.4639034,-107.22803
-2.4750404,-1.5480785,-137.01099
-1.9701176,-1.0216274,-99.53784
-1.1127911,-0.48046684,-69.50293
0.71401787,-0.52630997,-74.302
-0.27994347,-0.3759899,-66.26245
0.14360237,-0.22638512,-50.966064
0.14928627,-0.71437645,-53.420654
0.17739105,-1.0403099,-77.8147
-3.2152863,0.64816666,-27.461182
-1.7292347,0.30200958,-52.815186
-1.879139,-0.38402176,-47.291748
-3.252388,-0.0587368,-45.588867
-2.0079784,0.21703339,-6.9418945
-1.5219002,-0.097631454,-28.240234
-2.4677696,-0.34643364,-27.822266
-3.3600254,-0.46663475,-23.02539
-2.5102863,-0.6051159,-38.541504
-1.5538845,-0.5606613,-15.079834
-2.1367283,-0.83109665,-39.596924
-1.2136211,-0.30036545,-21.614014
-4.2275066,-1.149517,-55.454346
-2.5068436,-0.99464226,-15.886719
-3.232893,-1.6988163,-29.603027
-2.6192436,-1.4108753,-39.53784
-2.6285648,-1.5452785,-33.799316
-2.7633743,-0.9670639,15.01709
-2.9824543,-1.1252766,-14.77832
-2.4809666,-1.1392574,-25.185547
-2.0397282,-0.35722733,21.958984
-4.0358696,-0.7803745,26.751953
-5.3922253,-1.0199261,28.773193
-4.8601227,-0.7306633,19.385742
-10.97841,2.1181927,21.5271
-11.055841,1.5846138,-0.68774414
-6.812443,0.50935173,-45.51123
-6.0736437,0.93601036,-26.589355
-6.30645,0.6221428,-35.939453
-5.6029034,0.28804588,-122.14307
-6.858938,1.2584648,-88.53467
-7.2140837,1.4105434,-87.77222
-7.123102,1.4449158,-79.56714
-6.90921,1.1988258,-119.27954
-7.788783,1.4064655,-121.22485
-6.524329,1.8431282,-92.377686
-5.5085993,-2.361063,-110.15381
-4.0524473,-2.1093407,-82.822754
-7.585285,-2.1362534,-88.99292
-7.3842163,-3.031681,-127.49243
-9.026358,-3.6707706,-162.70801
-9.17946,-2.6547565,-83.45288
-6.890173,-2.2867756,-72.07544
-6.4268923,-2.4457684,-87.91211
-8.992072,-2.7395077,-81.556885
-10.161348,-3.164114,-75.34766
-9.449662,-3.3815136,-59.81079
-8.891434,-3.6969128,-44.028564
-6.756468,1.2960415,-39.526855
-5.416996,0.8563175,-36.559082
-5.8552933,-0.02557373,-54.749756
-8.032476,0.1401596,-50.654053
-7.10042,0.113983154,-42.646484
-5.9500046,0.2910614,-77.29785
-6.089113,0.51750946,-59.458008
-6.1749744,1.1309834,-20.910889
-6.2613335,0.6731949,-41.638916
-5.2969913,0.945282,-11.257324
-6.6904163,1.071804,-40.968994
-6.482107,0.28675842,-52.578857
-5.2768593,-0.8864746,-28.583008
-5.899536,-1.3322525,-77.59619
-6.904909,-1.3572006,-69.7688
-6.4241943,-1.0687103,-95.947754
-7.9145966,-1.6674232,-93.052734
-7.3177032,-0.8070526,-61.484863
-7.9881554,-0.8592644,-51.72827
-5.8940773,-0.6211662,-69.84668
-6.3239117,-0.16345215,-55.507812
-9.899418,-1.6032677,-109.607666
-8.145073,-0.87397766,-89.15918
-7.8640537,-1.3892479,-78.759766
-6.7847557,0.30576324,-60.734863
-6.3644314,1.1161118,-5.092041
-6.1311893,0.21652222,-31.3042
-6.2839966,0.94390106,13.197266
-9.325668,0.097717285,-18.217773
-6.7279816,-0.31928253,-6.791504
-8.022966,-0.6030235,-24.978027
-7.7336426,-0.4798088,-22.550049
-6.2492523,-0.18824768,6.875
-7.50218,-0.21972656,-6.7678223
-7.3344135,0.004360199,30.166992
-8.098688,-0.6925545,20.346191
-7.1188107,-1.415535,10.141357
-7.729107,-1.5708275,12.261475
-8.97246,-1.8372345,5.7648926
-7.0211105,-1.4128647,-28.474854
-8.438747,-1.2764893,6.883789
-8.539324,-1.1803284,-15.199951
-7.840555,-1.2757645,-20.885254
-8.922045,-0.85905457,-5.786865
-8.103928,-0.82949066,21.05542
-7.928158,-0.6214218,37.321777
-9.375591,-0.92197037,-19.445557
-7.944893,-1.6389084,-46.007324
-8.250811,-1.5890579,-38.20337
-7.2775745,-1.4204865,-47.553223
-7.3451595,-1.2477303,-41.84668
-7.111393,-0.4012642,6.0109863
-8.800957,-0.94013214,-31.080322
-9.04204,-1.3108025,-23.611816
-7.955944,-1.4301987,-42.631348
-6.8580036,-1.1769447,-22.49292
-3.2452927,-1.9381714,-59.343994
-6.8017197,-2.0884361,-69.24902
-8.412193,-0.8767395,-1.7060547
-6.8456097,-1.3077469,32.01465
-6.4126034,-1.5643158,0.98950195
-7.419195,-1.2101517,11.116943
-6.766838,-1.8797874,-15.739014
-7.1142693,-2.3676758,3.5568848
-7.619335,-2.4882088,-2.744629
-4.6949196,-2.6149292,-23.194092
-7.121279,-2.2316399,8.59375
-7.6146564,-2.048008,31.39624
-9.498459,-2.70673,5.0771484
-8.914064,-2.8138008,10.299072
-4.8683434,-3.0455093,-24.247314
-5.0718384,-4.0734406,-36.514893
-8.334757,6.57436,-17.81128
-6.048937,6.8682175,4.5932617
-6.4977455,7.659176,21.192383
-3.62282,7.6993637,6.8813477
-4.6409397,7.812954,34.47168
-4.7336655,7.294277,4.298828
-7.14744,6.6876373,-17.415771
-7.786751,6.560158,-41.167725
-7.074978,6.947834,-33.501465
-5.8400593,6.6015167,-38.63672
-5.6860123,7.2266273,-52.644043
-3.7183495,6.9215126,-49.789307
-5.5405006,-16.016876,-64.88403
-10.490242,-16.622826,-90.961426
-10.977041,-17.02694,-97.0376
-10.866985,-16.646042,-79.59668
-11.79323,-16.724476,-97.5271
-11.139561,-16.345367,-97.93213
-9.645647,-16.429932,-97.6875
-8.590315,-16.352264,-125.40332
-9.737259,-16.217407,-118.84717
-15.264872,-16.806644,-147.11792
-14.477053,-16.454102,-134.27515
-13.691618,-16.617485,-140.57861
0.14616394,-1.5675278,-102.15503
-1.9609528,-1.3076515,-106.19507
-2.5275536,-1.9820976,-122.992676
-5.671131,-1.779377,-141.41528
-5.822899,-2.0146713,-169.34277
0.8972969,-1.1414452,-155.07104
1.2303085,-1.2504196,-152.65161
1.3480225,-0.923851,-128.03442
2.0244255,-0.84375,-139.90137
6.7102737,-0.5483818,-150.7732
6.1502724,-0.34020233,-117.43506
0.19523048,-1.4291306,-135.57568
-3.8658829,-7.1954765,-154.44214
-3.0768013,-6.6848717,-152.18945
-3.3899574,-6.7991867,-172.41602
1.078474,-6.5288963,-142.29639
0.49322128,-6.270626,-101.54443
1.3816319,-5.396511,-73.45972
0.5316696,-5.7228165,-65.610596
-1.194088,-6.2370796,-67.5874
0.06477356,-5.663887,-33.713135
-1.9537506,-5.789627,0.88720703
0.049179077,-6.2239494,-13.382568
0.44582176,-6.7398415,-5.0827637
28.8002,-5.657589,29.4021
30.884417,-5.6661034,29.987549
57.89666,-5.23975,71.72583
8.137222,-5.6248436,47.621338
8.349951,-6.0984497,2.0449219
8.586853,-5.6680794,19.09375
8.951759,-5.913498,11.70752
9.61269,-5.8253403,-20.739014
8.970238,-5.5163803,-62.022705
11.141415,-5.4698944,-90.30908
9.724121,-5.231529,-88.87329
30.400734,-3.900608,-108.07007
-6.139759,-2.6453934,-112.91919
-6.274374,-1.8002872,-102.53467
-14.87048,-2.3139439,-120.09155
-7.306078,-2.0364132,-174.33276
-6.3613625,-2.0862331,-135.21216
-4.246853,-1.701891,-136.66211
-5.2168484,-1.8009586,-121.877686
-5.5868816,-1.8551273,-131.7207
-14.464413,-1.0494709,-108.125
-6.611948,-0.7177143,-105.48926
-4.3124027,-0.9602184,-118.880615
-11.756851,-0.8464489,-92.53467
-3.2402725,-1.1752186,-97.391846
0.6166687,-2.007351,-93.41626
-2.850544,-1.9725819,-66.19263
-5.2919693,-1.7095528,-38.17163
-4.120577,-2.6805382,-68.14551
-7.1848755,-2.709694,-41.608643
-6.202759,-3.0054626,-87.10864
-7.282749,-2.989441,-65.54639
-7.4918976,-2.7482204,-93.13501
-7.1464634,-2.229992,-101.93213
-4.105112,-0.8630333,-46.242676
-4.877514,-0.055250168,-72.56738
-4.303236,-3.9922752,-70.9668
134.26025,-3.4916553,-43.84082
5.945427,-3.8223286,-82.0437
-3.312931,-3.1298962,-57.371582
-1.2090302,-3.0322266,-79.168945
-2.0428467,-2.1109104,-100.37866
2.8784142,-1.1565228,-69.39502
4.1390305,-1.5550537,-100.398926
3.2242088,-0.83948326,-53.504395
3.799591,-0.29239845,-26.503418
-0.20806694,-0.8527832,-50.62549
0.279356,0.63586426,-9.067139
-3.2269592,4.0671787,-15.418945
-24.14782,1.2216873,-44.503418
-8.254305,3.6775742,-21.078125
-2.6830711,2.5917702,-32.966797
-1.3757114,0.769228,-56.697754
0.82756615,-0.38319588,-76.528076
3.1521854,-0.2680664,-60.029785
-8.633602,1.0555649,-39.648193
-2.5558128,1.7991848,-36.64258
4.4251575,2.2786388,-7.4245605
0.3595791,1.9928722,-9.018066
3.3533287,1.9922657,-14.181152
1.8033733,0.15080452,20.97754
-1.0967884,-0.6374836,-0.5209961
2.4191093,-0.43710518,15.873535
5.084795,1.1248379,8.56543
1.4726353,-1.2849903,2.9760742
1.3564739,-1.6161404,22.758423
-1.665123,-0.83535767,-27.188232
-1.458252,-1.1801662,1.9975586
-3.9284935,-1.7402248,-19.212158
-0.25240707,-0.3288555,-37.870483
-1.396862,-0.5753422,-49.8573
1.8987656,-0.53034973,-54.838135
1.2950993,-0.8646946,-65.68713
-3.1087093,0.94358253,-62.020386
-3.9212303,0.22480965,-59.375732
-3.8396454,-0.7145977,-67.55017
-0.7682724,2.27145,-66.59595
3.4565067,3.3244915,-75.00098
-0.7479019,1.5916862,-49.95935
-0.432621,1.0291977,-46.086304
1.7850552,1.0481339,-43.114136
-5.0603485,1.0548286,-26.344727
2.326189,0.82052994,-25.851074
-3.7179718,1.3068066,-13.220215
-3.9469147,1.9670143,-39.07129
-1.3382511,1.3365345,-13.60437
-1.5913258,0.38704872,-48.126343
0.16767311,0.30397224,-23.256226
-1.1501236,0.35227394,-24.146484
-0.7144966,0.1332016,-28.709229
-1.1586456,-0.17673683,-49.065308
-1.316225,-0.16422272,-28.006958
-0.33595467,-0.008214951,-15.896118
0.0089149475,-0.40115547,-53.3562
-0.4621544,-0.0002632141,-39.39612
-0.6044655,-0.018218994,-52.038452
1.9545078,0.011356354,-36.50061
2.5520973,0.09397507,-33.141357
2.2859554,0.16057014,-7.6794434
-1.0580921,-0.083307266,-25.89087
0.54782677,-0.30814362,-44.885376
0.12815285,-0.6563778,-45.050415
0.13732147,-0.6606331,-50.72815
0.30283546,-0.8747368,-79.046265
0.43522453,-0.83307266,-101.028564
0.89987373,-0.35933685,-26.506348
0.188694,-0.37768936,-44.034912
3.8190002,-0.24928284,-49.916992
2.9037857,-1.7953014,-51.81128
2.532261,-2.1002102,-70.28638
1.6940937,-2.9536057,-76.56641
1.9607697,-3.1146984,-68.09277
4.6959915,-2.66823,-42.962402
5.24856,-2.9877453,-72.666504
7.4236374,-2.9300957,-54.39917
7.3362026,-2.81114,-53.29712
6.8165417,-2.5785122,-17.407715
5.99979,-3.6820183,-64.82666
6.199276,-3.3336926,-45.645508
6.6617107,-3.0220375,1.0061035
4.5745544,1.7033806,-12.685303
4.0385857,2.366436,64.17261
5.6926174,1.5231647,55.347656
2.517109,0.7138691,32.38086
1.0402164,-0.10051918,14.688965
0.67822266,0.023942947,38.128662
1.4956093,-0.030618668,24.263672
1.6183434,0.15057182,32.24341
3.9097729,0.214468,32.728027
3.26515,-0.15979958,4.852051
2.9922485,-0.24382973,-11.749512
3.0773811,-0.6245308,-14.789551
3.267395,-3.7002773,14.567383
2.4727879,-4.5050907,-10.532959
1.6419849,-5.5122776,-41.024902
1.3062649,-5.535692,-86.998535
1.2454262,-5.424921,-104.01807
1.9475555,-4.6665287,-96.51099
3.0200233,-4.285448,-73.29077
1.519104,-4.138571,-89.24219
0.37135696,-4.1072636,-97.90454
-0.5782623,-4.1032352,-65.148926
-4.3649864,-3.3773136,-49.29541
-0.7482338,-3.7003536,-55.73755
1.6265144,-2.4713783,-42.040527
0.16704941,-2.9201698,-76.70654
-2.2149086,-4.52956,-132.72266
-3.4358788,-4.5130043,-117.507324
-3.6562462,-3.6791382,-97.191895
-2.585472,-3.442974,-83.647705
-4.6444664,-4.042141,-91.45825
-5.3041096,-4.029209,-100.45361
-5.992872,-4.148121,-94.48096
-6.9682426,-4.8386726,-113.725586
-6.4183273,-3.4830475,-52.831787
-4.503319,-3.7621956,-73.64917
-4.1767635,-5.1115723,-64.81323
-7.888035,-4.4836845,-30.082031
-7.523176,-4.6816063,-45.216064
-3.5963764,-5.000145,-68.713135
-5.7610188,-5.256344,-70.50781
95.38579,-5.025158,-33.03418
-2.1186295,-5.384548,-32.031982
-6.9103203,-5.2652817,-11.7421875
-6.566023,-5.0100517,-31.407959
-6.9783363,-5.0649223,-70.53906
-5.678604,-5.2337265,-80.18652
-6.2803555,-5.2963257,-55.90161
-13.140373,-4.9448376,-83.22485
-12.617403,-4.5664616,-66.69531
-12.061256,-3.7141972,-55.09619
-10.549839,-3.4393215,-16.375977
-9.136835,-3.3033543,6.381836
-28.566212,-4.904352,-20.841553
-14.000626,-4.0311375,-52.421143
-13.060574,-5.0337543,-74.18848
-11.37447,-5.33082,-66.95166
-8.666817,-4.798357,-30.415771
-7.2306194,-4.395155,-11.896484
-14.1317425,-3.4989758,-7.2436523
-8.972206,-1.987627,27.553467
-0.7200661,-2.6143627,5.182373
-4.7078075,-2.7350445,22.043213
-2.1149902,-2.5240154,27.472412
-1.4749718,-3.1863918,-22.360596
-4.73839,-3.7519932,-27.485107
-0.86262894,-3.490652,-12.942871
1.9856339,-2.2290592,-26.650879
-3.1775017,-3.5575237,-10.3515625
-0.32844162,-3.6626492,4.2631836
0.40725708,-3.4099865,-23.58667
-0.32844925,-3.8599987,9.047119
-4.38678,-4.0029945,10.425781
3.3286629,-2.613182,5.3757324
1.7663002,-2.2130852,44.466064
3.6840286,-2.7079277,44.299072
4.3918304,-2.6443596,68.26245
0.5266266,-1.6665344,78.486084
1.3762169,-2.5198517,72.53516
2.593586,-3.192047,81.33569
3.8942566,-1.3372269,78.13135
5.4029427,-0.9786873,78.50391
1.7505913,-3.0493317,62.611572
67.39946,-3.451252,45.478516
-2.5204887,-1.4915619,8.012451
-6.0928154,-1.606987,36.49341
-0.8171425,-1.9161873,9.399414
-7.8373528,-2.5213432,-14.29126
-8.658997,-2.575573,-3.894043
-7.146961,-2.6756592,6.449707
-5.8852234,-2.964428,-2.060791
-6.343155,-2.8180847,-22.002686
-7.005886,-2.2646332,-22.796143
-7.062847,-2.4054832,-31.815674
-7.034279,-2.86417,-32.61548
-21.309383,-2.78833,22.964355
-11.76997,-0.50736237,20.786377
-11.0404415,-1.6119614,-0.859375
-7.139496,-1.5366211,13.997559
-6.371647,-2.601963,1.7055664
-4.8933945,-3.0134048,23.250732
-13.617573,-2.2862053,18.597656
-8.061108,-2.208393,23.548828
23.053864,-1.5716858,31.13086
19.657879,-1.6445236,40.490967
7.310318,-1.4600487,25.43457
-6.412716,-1.718647,33.54077
-8.107567,-2.573063,-18.910889
-7.713768,11.074825,-13.511719
-2.3116188,11.863308,0.010498047
-2.1657372,11.309074,-9.210205
-1.888813,11.343376,-10.492676
-2.2870293,11.077461,-71.19873
-2.3371277,11.043274,-61.713135
-1.959343,10.440151,-105.20117
-0.49428177,11.916397,-53.195557
-2.3711777,12.967182,-28.458008
18.122375,13.587776,-13.569824
22.662964,13.312458,-14.772705
22.522808,14.106205,16.77124
22.97168,-17.103256,-19.425537
5.125023,-18.4422,-17.037354
6.4125977,-16.094727,11.123779
6.84478,-15.99321,-18.31128
5.8768463,-17.974876,-13.984375
33.8133,-18.15184,-14.539307
6.5182114,-18.55561,-32.7063
3.1044006,-19.254402,-37.44702
6.2877502,-19.355667,-33.56299
-2.4373665,-18.8434,-17.71753
4.932602,-19.106506,-10.140137
-1.8759003,-20.03241,13.775635
4.950348,-15.304745,36.549316
5.2803116,-15.908108,-11.262451
12.027695,-16.483673,-56.173584
11.358883,-15.46204,-29.66748
7.2773247,-15.471325,-73.313965
-0.21946716,-15.522659,-84.98218
1.1785164,-14.354778,-69.87842
3.5150032,-14.710205,-108.451904
2.236744,-14.74839,-132.30151
22.433372,-14.075142,-131.57104
49.371532,-13.812656,-137.24683
45.261208,-15.2897835,-193.53076
1.03685,-0.093647,-152.85596
-3.5799255,0.046115875,-135.17554
-3.5380478,0.16157532,-105.18335
0.4102707,0.5020752,-69.98999
2.9372368,0.773777,-57.784668
25.402096,0.5158272,-66.28052
52.128788,0.14284134,-96.82544
47.2534,0.19870758,-112.11719
48.910015,0.41717148,-77.63379
42.23063,1.4813652,-15.543945
-8.541397,1.2184181,7.4108887
-12.222031,-1.2006607,39.89038
-11.691753,-6.488491,0.6669922
5.0586624,-6.9355927,6.6015625
-4.0031967,-7.36919,12.639893
-2.8992348,-7.4794197,8.681885
-3.5480995,-7.442528,-11.44751
-11.124157,-7.039398,-17.492676
-15.1689415,-6.10754,43.513184
-16.061928,-5.8535156,53.47827
-16.5508,-5.546219,64.14087
-15.386169,-5.6472206,90.39624
-7.9284325,-7.4724503,47.361084
-4.236107,-7.003216,-1.5698242
-1.6242828,-6.681471,29.379883
-5.360073,-5.8748493,37.78662
-1.2690659,-4.574812,51.061523
-9.235439,-3.4650974,28.381592
-6.807808,-3.1851025,33.828857
-5.2242928,-3.6340199,16.856445
-6.1387863,-3.583437,-28.344482
-4.180828,-2.111292,-7.8063965
-4.374363,-2.7614574,-64.6897
-2.2064972,-3.4039364,-113.1626
-2.7980003,-2.8055477,-129.07324
-4.0834007,-0.593029,-136.81763
-9.252182,-2.9842758,-110.126465
