real_time_price,day_ahead_price,load
-5.428314,5.0762687,-24.228748
-3.6632385,1.7486107,-40.730843
-7.830429,2.6538253,-56.659798
-5.0113416,0.5036855,-62.57892
-4.8181934,0.47078514,-48.665268
-4.7810764,2.7667441,-48.500225
-7.494398,2.6433265,-43.812683
-2.4701118,-1.7486062,-52.930885
-3.414998,1.0897994,-47.516632
-7.199648,3.7654312,-32.789906
-4.1839514,1.3742406,-31.53489
2.6700044,4.293524,-20.852493
0.51717234,10.252752,-12.282112
-7.8086247,12.204512,18.183762
-7.0946894,9.592674,22.329777
5.179548,9.096604,-3.6972847
6.128098,10.542444,9.00341
-0.04030633,3.8482533,6.1238003
-2.6502333,4.3147573,2.3755684
-9.937122,4.4016657,-3.7602406
5.113176,9.71064,1.2033672
-0.40478444,4.2200317,14.453847
0.70626974,3.0051904,-8.678532
-5.919693,8.237446,-11.939962
-7.505231,10.646423,-31.178276
-3.3356586,8.410417,-36.410522
2.0985608,6.554433,-47.26449
4.752604,-0.62828064,-34.052906
-0.34737945,-3.8693848,-26.699532
-5.3938475,-2.207768,-15.569752
-4.446999,-7.722151,-31.452942
8.123102,-2.7568989,-23.447773
0.35014868,5.770054,25.872713
5.0656114,-0.86746216,10.357853
1.2298398,4.4818068,19.088596
2.8075624,7.9216,30.95635
3.8561473,4.642085,28.611473
-1.8319774,3.4098399,26.997147
-6.3860493,4.8028073,14.51593
-4.059253,4.8111243,18.47741
-6.7310843,0.88587046,23.501879
-4.8255634,2.9600792,-3.1901798
-11.500252,0.41652203,-9.507879
-4.413079,0.45084906,-5.753351
-6.8081913,3.3618445,-22.285908
-10.514031,2.095479,-35.23438
-4.380261,-0.5416684,-22.965103
-4.898284,4.579954,-9.59466
-4.60598,7.5521994,-25.70581
-3.361212,3.927618,-35.046173
-4.5936227,8.208064,-37.257904
-8.149177,5.167741,-49.21466
-10.93411,5.4972396,-43.16526
-15.184114,4.589791,-23.949303
-9.617014,6.8029976,-12.013451
-8.468433,5.8150997,5.627493
-7.35456,6.456593,-0.055648804
-8.37859,7.3257174,2.093728
-9.220839,9.694852,15.236411
-1.004673,6.5508747,6.674101
-1.2167971,8.003868,-1.8176937
0.13434935,11.345622,11.51936
-7.0217104,6.4475813,1.9825935
-7.3403454,11.968599,-5.5664673
-7.766261,10.651375,4.528261
-1.8440666,8.869891,3.8442564
-2.0075133,7.925914,-1.4344769
-0.23163581,8.416659,-6.128668
-1.6512382,6.7448454,-12.130278
2.746635,6.385562,-7.8726044
-3.6938777,5.740443,-7.6240025
-0.28502822,7.395648,0.6022129
-11.119388,6.2781906,7.370674
-8.211943,12.027799,-2.077736
-12.420002,12.67154,11.237953
-4.5458384,14.407562,14.986352
-7.0634317,13.504427,18.417652
-7.739335,15.157519,14.060927
-9.358784,10.584115,13.714025
-12.703354,11.153795,-0.15805244
-12.375795,6.243496,0.09116459
-13.589327,7.287687,-6.4388695
-8.482847,4.118232,4.8643637
-10.631361,5.8117943,18.25135
-2.1915143,8.932893,34.364883
-9.020521,7.4130783,52.69067
-7.096264,5.8256006,41.03975
-13.60298,10.864155,41.87577
-3.3723238,5.1725273,24.520712
-3.710508,11.756681,28.576637
-12.477221,8.3906765,22.784985
-2.0035567,9.792277,14.249895
-7.9073277,4.9056845,26.291712
-10.920309,4.202554,32.559925
-3.8512425,-0.28854942,39.398636
-16.467632,-2.8008566,27.824131
-8.9739,-4.384859,13.656443
-3.4344702,-10.260843,-0.15111351
3.978763,-8.961312,21.788364
3.8290439,-6.3344946,34.775124
0.99335957,-3.6803656,49.57784
8.078819,-5.532467,25.537008
8.696671,-1.211822,15.200511
2.1362672,0.2890482,17.615786
3.007975,-0.2726364,15.786124
-5.66576,-1.1413708,28.545929
1.6366758,-3.7418957,28.283543
-0.6559906,-2.629435,20.646
-6.452506,-6.262104,37.686935
-5.87348,-7.6268215,8.243448
4.8900495,-0.7234554,0.19008923
6.3727183,1.5380042,11.246962
5.4727635,-0.7528205,-0.43048763
4.2052083,2.108385,-13.074175
14.085861,2.0199542,-17.65474
9.400072,5.666701,-12.095957
5.38123,2.9737632,-19.480423
2.918913,9.167723,-32.13682
-8.0669155,12.2605,-36.649242
-4.6666174,15.444287,-25.174728
-2.9835067,10.232319,-24.940811
-1.531369,12.067299,-2.590826
-0.119880676,8.879524,-1.9813766
6.664225,7.0197573,2.069458
-5.1962347,5.962883,18.182322
4.0729365,-3.3625278,5.076543
2.8082638,-2.4301248,15.962918
8.440123,1.0780549,22.548792
6.530088,0.95243835,23.535656
17.01703,7.7724743,30.80074
20.43717,15.62441,43.1864
8.979004,17.086063,40.646812
6.337765,13.3518305,32.628147
-16.313818,18.01934,73.19882
-1.8986082,12.024426,73.84663
8.775328,11.069952,57.41885
2.3514152,5.8243666,71.04271
-3.5083168,-0.18750238,57.11305
2.89044,-2.068273,26.099098
-18.638344,-3.849596,0.4770193
-2.9076264,-5.006098,-29.516445
-0.54932356,-10.862785,-40.789097
-2.8658104,-11.078148,-76.25236
-7.3632584,-10.08524,-22.781425
-0.5386956,-2.1392527,-34.61018
11.361334,8.037864,-42.650707
4.0771375,5.2886977,-54.874428
8.747431,7.377866,-56.60868
10.982449,6.4422865,-43.66495
-2.4757814,5.175063,-15.540836
-3.3649037,0.7881651,27.560928
8.891838,-1.7466092,36.398613
5.8912263,-6.4363174,67.440216
-0.21402216,-3.5970898,33.2287
7.9733777,2.9901547,62.733246
13.084738,-4.0165462,78.64107
11.64448,0.08138609,13.487389
10.279682,12.946639,44.143745
-4.3691854,2.2291737,38.97014
-11.159148,11.483014,-10.315794
-20.043697,14.3473215,-34.743397
-4.390799,19.02547,-34.312027
-16.23871,9.395101,-60.207962
1.2411418,12.413042,-102.9878
-5.1113253,8.511431,-94.063515
-7.2408457,-2.8352566,-118.424194
-15.435131,0.7916589,-118.062454
-35.11627,-0.1343832,-84.3817
-37.25359,0.8373642,-75.45193
-17.6605,-5.031233,-83.59643
-24.000772,-3.0938168,-45.211075
-24.88383,0.8296652,-43.206482
-21.924345,8.690386,-0.3081169
-20.087362,7.4872365,-8.053364
4.831137,9.013229,2.107235
-0.42170238,2.3941493,65.736374
2.6892838,9.801674,56.186756
-15.831863,7.7900896,96.18327
-1.5575502,6.597332,61.063015
7.771931,12.281366,59.549973
-3.632183,11.96736,70.348495
4.0886493,13.431131,77.76671
-9.349304,19.099314,84.0442
-5.3492837,23.829409,77.16594
10.339464,15.446604,57.817665
-2.8299303,13.863035,20.18334
-4.190398,12.584578,8.346336
-8.457465,7.1950293,-38.299347
-2.7765648,7.9805765,-43.034073
1.1380067,3.3615065,-79.85862
-8.936024,7.545726,-51.608383
-12.265469,4.368801,-34.82864
-3.4977007,1.2108879,-44.07331
-11.712343,-2.0315456,-25.624691
-2.5170352,-1.763164,11.149345
-17.339954,0.24105644,13.454403
-10.854876,0.80481434,-6.5196304
-9.380577,1.201541,-10.30834
-12.141336,4.845949,2.0206776
-13.9694,1.2757125,8.647838
-23.334703,3.064796,20.899612
-18.042133,-0.33076143,48.41257
-7.5375032,1.7972996,61.17582
-15.073303,-0.5072489,40.57807
-11.853203,-0.03604746,45.775307
-1.763473,-7.4969673,21.484203
18.511433,-1.6690359,-11.156216
18.794401,-4.587553,13.204523
8.21324,-0.8537445,36.110813
11.356298,-0.2921772,30.740562
11.579222,2.3137472,1.5904799
5.1091113,3.275073,23.605946
7.920854,3.4804173,11.286135
8.44202,4.0342207,10.834068
1.0219388,5.9887695,-27.18763
17.629257,9.911769,-25.124348
-4.7323227,1.3638959,-35.967434
-12.454754,9.391867,-25.693733
-28.232002,11.0190525,-13.2216
-11.892389,12.855669,-28.847797
-11.651738,10.781666,-43.635197
-18.122654,13.407383,-50.720673
-14.934242,16.304363,-35.511597
-13.696455,12.9259615,-52.79487
-12.425352,6.8116784,-58.678253
4.8210635,7.545522,-86.98973
-11.023596,6.5654774,-64.33542
-21.91616,4.5377817,-51.103973
-17.016224,10.116173,-49.374832
-8.225983,6.1140857,-28.112396
-1.9667132,0.7055397,-17.138844
-15.734573,0.17272854,6.7460957
-10.889423,2.286469,22.746674
-8.114369,2.4208713,38.28437
-2.4960825,5.8056593,34.579575
-6.8059273,4.477315,50.25312
-10.501347,9.75861,47.141827
-12.872587,5.6306753,52.312958
-4.0163527,11.030854,37.421776
-2.2601705,9.852441,27.660778
-8.948122,7.351144,-2.406643
-11.3097,8.652463,-15.292795
-11.018169,9.746908,-13.293306
-8.094204,11.55805,-13.929026
-7.2364607,5.8816166,-32.248253
-1.4296944,12.42712,-33.386433
-5.5747375,5.0290637,-38.886982
-1.5049,8.670452,-55.153603
-2.428784,5.032325,-33.037056
-6.1418715,4.672426,-34.281773
-2.334291,5.777991,-21.401062
-8.12676,7.818127,3.0359411
-12.029301,12.248787,20.30399
-10.871656,12.395513,30.024843
-10.306929,11.445268,22.852049
-4.285817,10.341759,19.74086
-14.069197,6.2433352,28.403364
-9.240431,1.4561601,11.055988
-9.133278,3.5211124,13.570769
-8.183462,2.400837,16.258715
-6.447895,5.4293613,27.129013
-11.88615,11.212171,28.016315
-5.923235,9.344135,17.632998
-6.976397,9.32457,-9.827717
-0.30050182,11.356874,-5.5405273
-7.917647,4.553959,-14.761673
-3.9029212,8.287435,-13.282522
-15.892733,5.706413,-12.82799
-8.431841,5.5525928,-28.414402
-21.04444,4.187792,-12.347431
-15.694265,5.6091337,-29.011814
-15.195042,4.628055,-9.034985
-12.073473,4.57649,-14.741451
-9.071703,4.5991845,-0.2241211
-20.118795,5.7488527,-0.74767876
-11.245996,3.653638,1.7024279
-15.684256,3.202357,-10.040304
-2.403645,7.2525053,-8.250164
-8.241926,9.837528,13.513816
-6.0138936,8.380909,4.0320616
-3.5894814,10.661357,4.966115
-0.112978935,11.485754,-0.29707813
-6.222044,10.604767,27.031155
-6.314631,12.748785,19.805216
-12.630659,12.058338,14.897349
-11.23111,15.30777,5.222062
-9.138245,14.925633,9.112095
-13.18943,15.452048,14.238459
-9.851461,11.354331,6.658901
-8.455421,11.481195,-5.12562
-17.678074,9.029074,-25.776276
-15.893301,9.60883,-32.30673
-22.372581,5.3735514,-42.649162
-12.149414,7.103254,-45.30561
-12.485998,12.68664,-26.045147
-14.467945,10.776129,-14.074329
-8.3564205,13.535001,-8.918961
-7.2531123,9.465859,-5.0788555
-4.0248494,11.726794,6.0787563
-11.027163,14.246308,5.851796
-13.353449,13.149406,33.106453
-9.942493,9.67015,25.741585
-1.3407476,13.433432,40.425186
-18.356174,7.7045145,49.781475
-10.452673,8.283774,53.92106
-13.158274,9.95182,63.90767
1.2370629,7.1180096,31.218197
-10.122793,11.771642,55.07345
-14.511534,10.841314,36.149635
-14.130558,8.903439,33.807533
-11.210976,15.314478,25.014679
-5.019292,10.985049,23.42623
-12.240383,14.576525,20.712257
-17.227615,7.6095777,6.9976263
-15.918306,6.5811963,-10.112164
0.010457039,6.2858768,2.7745533
-10.529345,0.7988982,36.96078
-3.5869024,-1.2575378,14.153229
-8.988098,1.2689166,43.21767
-2.8421416,-0.20467758,19.161411
-3.3341217,1.5971904,32.461742
-7.172421,4.9563646,64.20704
4.571408,2.3288066,68.94591
-2.6957476,8.490872,56.0871
-10.268854,8.6572695,73.87819
-2.2416532,14.928542,70.32771
-5.1550584,15.157079,62.95472
-7.1624503,15.242661,64.833466
-16.40398,10.029121,37.12441
-5.121483,6.469946,26.637104
-17.802029,3.3439708,-1.0099831
-14.342417,1.6980362,16.69561
-12.138088,-1.8512101,-8.359177
-8.283302,-0.37915087,-39.22608
-27.784216,0.9072113,-24.892258
0.57481813,2.871051,-45.864143
-11.769381,6.4330883,-25.55574
-7.679922,4.188936,-29.734543
-8.7252445,11.296129,-8.231678
-9.843717,3.686826,-37.738987
-8.058067,8.562775,-35.343864
-26.357588,5.516053,-19.696228
-5.833431,10.210264,-26.366539
-14.411619,12.276292,-0.96388817
-24.466753,8.362617,-34.13302
-9.516537,11.802841,-4.3543434
-17.093908,4.1585984,0.19225407
-30.451965,4.1645555,-16.212149
-15.199316,10.385294,-35.73794
-20.712635,1.0044441,-10.486326
-16.21388,1.4078841,-43.641056
-19.651928,10.18815,-45.55711
-11.955055,11.62682,-33.21563
-7.4894814,8.16058,-50.407227
-14.117228,18.771639,-57.456543
-4.9618344,9.957142,-84.10111
-10.552271,12.022985,-51.395737
-16.396235,8.779888,-46.282387
-5.5477433,12.27197,-11.172472
-21.095783,8.371899,-17.064556
-3.2169178,7.8789606,-17.519344
-22.652174,6.849497,-40.205013
-19.399912,7.23141,-19.156143
-8.841299,7.794715,-9.658508
-11.4322195,10.268909,7.9198327
-4.800654,12.862485,25.869267
-13.320063,10.421726,29.172827
-12.353506,14.805957,1.5726128
-0.5514276,8.284861,-11.324474
-10.713093,7.820141,-5.0645866
0.03394413,3.6832366,-14.362232
4.0216928,4.538065,-13.728449
-4.6445093,-0.7498336,-8.226093
-6.086459,8.217022,3.4602718
-9.722647,8.955364,30.253042
1.2899671,10.391485,30.707323
1.8036642,8.012263,18.718584
1.7118597,12.733311,22.286484
-5.89783,10.176849,36.365974
-9.280594,8.212058,22.55318
-3.0874362,4.876629,2.0480194
-4.586642,6.443787,6.360735
-16.311977,-3.1355839,-19.154446
-13.127113,-4.7148,-39.627434
-28.302547,2.1099644,-16.519482
-28.20617,-8.120404,4.142988
-12.4925995,-11.312897,-21.889736
-3.3355913,-8.86779,-34.880234
-6.321914,-14.334888,3.4800787
-4.075639,-9.72796,-12.622166
-12.890055,-7.204795,-59.857857
-12.01133,-2.8141232,-85.54235
-9.383787,-3.065052,-67.31017
-5.63694,-4.172888,-61.46985
5.989659,-9.124677,-54.392418
-12.696594,-3.6712112,-26.908936
-13.574728,-0.13944769,-66.83699
-23.871561,-3.7161446,-70.16236
-23.663143,-14.54994,-84.28832
0.99859095,-3.1210718,-72.5978
-23.376522,-4.3456182,7.0694275
-29.571547,-7.799741,-0.010066986
-17.480291,0.7267742,-38.97607
-7.4129543,9.852632,-8.606632
-11.89622,2.9565284,-10.592381
-17.160873,7.9459057,-56.113297
-11.578939,1.7162137,-107.64196
-10.593464,0.19209051,-157.668
-26.354668,2.2639186,-154.95607
-26.975077,-5.116537,-192.03386
-28.206232,-3.9556189,-166.96945
-32.768265,2.337861,-143.87303
-16.254236,0.77747774,-171.87654
-30.982988,1.4860511,-177.36583
-31.901537,5.4678407,-147.57542
-19.036333,17.996532,-136.87263
-10.268566,11.697129,-151.5445
-6.898224,10.417333,-159.48236
-3.6176727,8.614296,-94.33569
-15.661505,10.703217,-55.124718
-19.264677,10.097612,-116.21483
-17.528175,25.229984,-124.06709
1.0335636,23.56799,-142.62036
-4.564639,25.585102,-136.17982
-16.18842,25.685163,-121.158676
-5.32136,19.631474,-142.7011
-23.562841,16.05222,-125.67183
-18.973986,8.437735,-149.59106
-9.84865,5.529607,-205.64601
1.386497,7.898074,-193.3209
8.733236,10.845417,-182.86325
-1.5269661,7.622987,-185.60797
4.5733285,13.24888,-170.35524
19.637905,8.514933,-164.43585
-1.2694383,28.198748,-133.78633
-15.50625,21.299278,-121.622696
-29.203579,22.136936,-121.49919
-36.716236,24.762102,-142.80266
-26.440262,17.927288,-96.603004
-23.031118,12.774473,-60.305748
-26.81251,9.333513,-64.617874
-13.657579,2.6002834,-75.69774
-36.618786,11.466372,-11.437471
-57.375866,16.61008,-6.740589
-38.905766,13.291008,-40.294025
-18.781769,9.330218,-12.839405
-22.775393,10.225626,-83.82315
-12.130203,19.385761,-42.204266
-41.05674,8.549162,-74.6062
-14.93737,25.781363,-99.43359
-33.55833,18.006638,-35.920616
-37.002445,15.838058,-24.643364
-47.574345,12.8877535,5.727358
-33.492653,18.289938,11.76808
-22.563185,18.752563,52.146904
-35.734825,24.070177,41.247116
-19.275387,24.857655,72.46037
-19.895145,7.6711445,43.09429
-13.740656,21.483303,77.28917
-12.581644,5.5913677,57.74831
-21.516632,-3.7866096,27.033047
-15.75737,-0.7255583,37.544174
-0.36575294,5.744858,43.17106
-25.70948,6.236492,54.87043
0.86236,5.41825,12.144745
-12.949795,13.27541,69.371765
-1.6802375,9.58906,44.035828
7.9408364,10.347317,23.243393
-5.113243,-1.5772285,37.83022
17.205355,4.318828,16.316612
10.912445,16.93184,46.91809
-6.6833334,2.2594678,3.1478348
14.626389,1.4575255,-40.72146
4.4947734,-4.043647,-29.001583
-5.8043528,1.4806783,-35.188393
-20.670654,-3.49236,-17.891193
-8.229591,-5.6624413,-30.391052
4.6506114,3.3890154,8.31023
-22.407284,10.413364,6.800214
1.5840697,13.766322,18.971756
2.2918992,-4.1640472,-20.796284
32.529648,1.2918334,-25.606728
21.679234,5.1425304,-0.7017307
7.4018264,-2.113441,21.264572
-7.59868,-3.833621,17.692577
1.5054445,-1.2186732,16.127504
-3.627993,6.9847927,53.804375
-13.787586,-1.2675447,65.78829
-25.780783,1.8795552,33.097084
5.054857,4.47134,21.536713
2.8360329,7.1968617,12.81427
-5.555421,5.912016,8.592064
-13.370636,-1.2659054,5.190483
-39.28627,12.305393,62.879944
-41.71158,14.206874,83.56293
-28.810156,11.5980625,53.285152
-7.481246,9.606084,36.103157
-6.976693,12.236638,44.493538
-5.9560504,13.092913,-8.080904
-30.424253,10.101427,-45.728962
-19.471699,5.159492,-84.6579
-4.274644,6.9924073,-102.69764
-17.044676,-2.2707672,-107.094826
-28.364077,-13.119381,-94.259834
-28.090248,-4.9113197,-88.41321
-25.000109,14.296067,-64.6631
-11.638109,18.824226,-63.845108
-22.93372,15.991342,-35.009254
4.6755967,18.963985,-14.182348
7.2988143,22.970999,55.55883
-4.066352,16.110134,76.35991
-1.5075886,10.953167,47.428402
-1.9161673,14.628111,58.303463
-1.0688992,8.442871,46.718693
2.9953208,16.874712,67.96214
0.9535012,12.666279,69.48683
-6.065034,11.922963,50.610153
-8.422268,15.429435,34.26313
-2.8519673,15.841534,19.394531
-9.862207,14.646567,15.603714
-13.668909,16.41542,9.211304
-1.2085035,22.01527,3.297803
-1.2196882,24.212473,-20.020939
10.335556,17.997921,-35.92603
5.520001,15.826962,-41.079132
-4.417219,17.498798,-45.155212
-14.500324,10.193788,-59.00512
-25.012398,11.092655,-12.207626
-35.760048,20.786724,71.412155
-32.22993,16.865324,93.036606
-34.14055,16.020668,56.53299
-18.675598,11.591246,39.95616
-11.047964,11.253244,46.31797
-14.686287,9.558294,47.489647
-18.439726,9.417986,37.553017
-15.593063,6.280704,56.542328
-14.48023,7.6357293,78.90892
-8.7818165,8.253911,87.65492
-13.570072,11.160488,96.483734
-9.785374,9.585297,91.6926
-8.983325,8.84677,63.809002
1.1414132,9.100683,55.07638
-1.3258259,2.2796254,69.07062
-1.5422344,5.0421057,72.18057
-17.810453,3.8736672,70.34099
-13.305296,2.0382614,48.117615
-5.4709597,-2.1451015,44.24842
-4.842709,-0.8906307,39.945427
-7.9414124,1.7861786,51.61513
-4.2180133,4.98977,53.623615
-3.4905303,5.7883453,28.779211
0.22725534,7.4512978,10.378014
-3.7008045,5.9499025,22.21928
-9.058079,5.344723,15.42604
-10.416372,6.847354,9.464265
-4.255818,7.623058,12.374462
-0.47549105,8.8869705,17.318632
-9.877203,10.725164,28.550999
-13.574829,8.193783,15.467361
-13.402124,10.029269,14.252561
-7.0679317,6.0641704,14.921849
-11.676495,5.1271358,12.575045
-13.383194,5.8459706,13.978128
-11.659035,7.776309,18.034004
-8.591608,6.4979033,11.178634
-6.372165,9.100464,16.852558
2.180447,5.460059,17.946222
-7.3037877,3.2001786,15.801704
-0.58538675,8.934172,-1.0910835
-1.7403021,4.1234703,4.894453
-2.4360762,6.748599,12.170456
2.3397827,9.650291,30.162128
-10.227689,11.53297,33.484474
-5.968438,10.273842,30.186577
-7.715083,11.83346,26.119318
-3.5652018,12.624396,8.338349
-9.538933,12.685503,20.323887
-17.150574,7.8180075,2.1308756
-15.748537,6.242008,-11.475506
-20.54219,7.4850793,-17.660519
-18.355488,2.3433824,-10.375563
-23.312546,7.4247994,-26.366127
-20.164068,6.731323,-21.59496
-17.442171,8.346748,-21.051731
-8.847019,12.743606,-0.18933296
-15.008034,11.623432,26.255194
-8.599078,10.146273,21.216831
-15.031832,12.538622,21.440855
-9.055878,13.056953,11.167825
-6.698213,15.06645,31.562643
-9.309692,16.596714,33.484314
-2.8673954,16.979956,47.771477
-16.876326,14.898442,58.79573
-7.367672,13.181517,39.949486
-9.998959,16.473337,61.35639
-11.414355,12.605909,67.913086
-5.363413,17.500156,60.89512
-16.328398,14.872812,42.605553
-7.4372683,18.384853,51.34416
-3.547268,17.847065,40.220985
2.1873531,19.976683,45.66557
-12.312708,10.592564,35.57692
-15.546179,10.331187,41.413624
-19.857613,11.751607,20.567602
1.1388693,4.380412,-3.9338322
-15.092632,6.076074,8.257328
-3.10538,8.956398,-13.811726
-12.884367,7.1966343,-14.00614
-16.127054,1.4129689,-4.4806843
-2.755718,1.9125175,21.367996
-9.005465,-3.4783297,68.97129
-15.805481,-8.9244795,60.24955
-12.238916,2.3528807,65.42686
-5.482606,-15.443985,55.047993
17.284405,-11.56724,46.09067
2.884008,-13.797527,110.83186
-11.021515,-12.408731,156.8348
22.299557,-16.31262,130.9515
10.534342,-22.389423,119.90401
23.064425,-13.010977,100.42027
-4.5731864,-6.0612555,112.235664
-18.68992,-9.194302,59.516907
8.925203,-6.6936913,-0.56976414
19.145258,-6.983384,-4.549444
14.281935,-17.894655,-23.04462
-21.10548,5.060604,-3.7769203
-26.18812,10.242005,-14.776255
17.649351,23.292952,-53.720398
4.200171,15.086988,-61.64975
-14.203014,17.275818,-33.96978
-20.924881,12.856823,-16.88426
-23.358768,15.53544,-51.718613
-1.4048417,3.53191,-57.30931
-0.8052592,16.624088,-45.629536
-20.963556,7.133191,-35.08076
-40.299034,9.321598,-49.404305
-36.476498,19.740015,-42.96725
-11.911991,5.6565733,-53.200592
-25.346296,-5.0644445,-91.66692
-34.688713,-8.346161,-102.1898
-30.436033,-4.1791563,-109.371315
-43.966694,-3.2334108,-111.64842
-33.535408,-3.1912594,-153.86482
-25.157104,3.4976377,-119.37933
-13.376505,0.7453551,-111.56353
-9.772975,4.3879166,-120.74599
-8.038962,5.6913185,-85.680504
6.3725076,3.139748,-84.07072
-5.643354,13.261612,-81.8833
-16.75518,8.34919,-77.30569
-4.1515326,8.3138075,-73.04355
-31.794271,12.027207,-29.443172
-12.961264,13.487471,-43.804527
-17.74825,17.758114,-21.033924
-33.680607,11.688035,25.69971
2.0518613,14.496641,-30.876823
-8.257685,5.584172,-71.32318
-25.415577,4.7755275,-117.35062
-9.793442,-6.8093653,-171.77264
-27.756907,-5.7333956,-243.96994
-9.014883,-7.377284,-275.9412
-22.932255,-19.007975,-244.26462
-8.454136,-19.674133,-272.79773
-7.1493397,-2.9280758,-205.06453
-24.078922,0.6004648,-157.37971
1.6343608,13.103656,-188.11276
-2.7376733,8.667581,-180.2495
2.637857,14.610466,-177.78441
3.7889638,11.4518,-111.75403
5.044804,7.2403464,-110.194824
10.249559,1.8416357,-60.433113
-11.3571415,-0.84706116,-95.35558
0.25883913,2.3535404,-45.17388
-33.13446,-6.378291,-35.891495
-27.317142,-8.420236,-79.62037
-12.445805,5.2551947,-15.132732
-29.517073,1.1624918,17.663326
-22.440624,1.916177,-56.597023
-9.749203,-1.7769508,-105.587296
-13.841745,3.975892,-113.28096
-5.4034095,-10.178123,-177.98155
-10.835802,-1.438756,-210.15038
-22.364576,-17.835918,-226.5398
7.279836,-22.659412,-250.85901
3.3776708,-15.662594,-240.69022
-41.816124,-9.3300905,-138.73624
-39.324154,3.006342,-147.82434
-40.290516,8.388365,-95.85649
-34.680397,11.480259,-82.14547
-17.201761,13.621043,-61.79854
1.6266665,-2.8162642,-20.492538
3.5754724,1.3423638,-84.02023
-7.841993,-1.4002962,-42.067055
-11.496416,0.636147,-136.33145
-19.209831,6.4671373,-85.8591
-34.779976,-4.5555553,-72.98124
3.4481854,1.0727601,-105.25496
-16.637886,3.3769174,-17.757023
-10.634552,4.705644,-60.93656
-10.458808,20.704529,-76.19834
-12.760345,13.449313,-131.61783
-3.2450075,21.560709,-117.05336
-20.991419,10.993195,-156.68672
-9.687922,9.634674,-139.72484
-22.88905,-1.5911603,-119.46323
-9.495089,-0.20516777,-198.78043
-14.297758,-5.598591,-116.30945
-28.499702,-10.542826,-135.904
-29.750183,8.705471,-97.386696
-29.350475,3.741767,-78.366745
-30.616678,13.305624,-82.94142
-0.5962844,6.793585,-105.30214
3.2123137,12.314427,-106.94359
-18.65316,6.176388,-62.14872
-6.732581,2.5776792,-161.64557
-14.402899,11.855554,-142.85855
-16.88576,2.299182,-105.74178
-11.977352,14.112936,-117.60155
-2.7115922,5.8154,-128.515
-0.9092369,6.1985426,-103.1823
-14.750053,11.737939,-98.116516
-29.57163,18.236763,-32.420235
-63.412525,24.41546,20.410458
-31.72713,22.582523,-3.2139091
11.439894,22.298815,-25.073826
10.312407,9.653421,-9.181789
-9.216396,7.7767243,-52.324226
-11.226832,10.759089,-115.97801
-17.457003,0.9541254,-178.33333
-6.544296,0.2679453,-239.27306
-3.6259456,-15.171358,-253.55228
-24.350376,-20.303509,-190.18292
-33.67278,-13.435797,-170.95241
-36.88926,9.8852005,-173.13646
-22.870628,7.2864695,-178.83632
-41.705074,8.803518,-182.3215
-12.979118,15.07802,-131.36671
-24.291641,13.324031,-75.15171
-30.724892,11.80502,-78.83106
-30.264778,6.3004484,-103.322105
-21.4253,6.004909,-81.31494
-41.646378,-4.1951265,-131.86479
-34.82815,3.4937875,-94.830315
-36.116615,2.5668232,-72.871956
-28.746151,2.5990837,-84.31965
-24.312761,4.142342,-94.93001
-0.5598588,10.592462,-132.68677
-12.392113,5.1683016,-130.74182
-20.342663,3.9416666,-184.62662
-8.212357,12.974936,-186.61305
2.1445255,5.2869587,-172.17336
19.336493,7.911517,-139.70135
14.901434,10.09373,-119.274506
20.925741,8.721984,-129.54851
10.665113,12.797049,-85.21965
-1.9978004,16.123665,-51.132645
-10.458899,26.543072,-2.4269161
-12.834461,25.359856,35.488487
-5.171428,29.836123,1.1242123
19.828465,22.421131,28.31802
13.169691,15.008399,22.567776
16.447449,17.23988,15.8723545
-3.6532207,17.915556,-9.798895
4.3635325,6.5446224,-28.438251
1.6044822,5.686379,-63.068146
8.074707,12.777976,-64.72006
-6.618284,8.384782,-48.77638
-11.447119,16.034637,-21.619202
-20.737808,12.042728,-8.221848
8.672428,18.513813,15.640792
-15.090113,20.676239,47.880604
-12.101833,12.450819,18.816849
-16.772202,21.407534,17.334007
-23.557953,12.54342,25.258163
-11.19758,15.056968,12.997177
-57.037537,12.641242,112.98375
-46.556892,4.409585,106.67372
-15.002573,8.626962,94.76485
-32.90133,10.775669,96.680626
-13.316998,13.136153,84.53893
-31.455982,11.303793,53.004406
-23.192616,20.299065,17.36095
-19.775057,17.206795,8.215053
-27.879808,3.2445312,-13.2877865
-4.905614,0.79934835,-36.624863
-46.589684,2.6439989,28.490168
-31.045223,14.438723,2.0896492
-32.939636,12.000612,-7.3575745
-26.848492,14.92342,3.1599417
2.5731835,13.194853,67.54245
-6.7409496,15.948927,123.180145
-20.511913,15.368953,113.65028
-22.86195,17.917427,73.82279
-13.578901,5.5650826,25.710878
-6.3633876,7.6397123,46.812622
-28.889544,-1.466814,42.35598
-18.027134,2.691972,34.798874
5.958855,4.420926,51.788963
-15.445248,5.6684837,31.6088
-0.38626337,4.919707,26.45282
-14.365967,13.20847,30.131618
-30.594574,9.767299,38.611347
-19.556744,17.289974,27.535954
-6.944558,21.856743,26.10334
-5.932982,9.813234,11.418763
-24.55302,23.699026,44.76645
-27.64855,22.403494,83.73484
2.4026446,16.671734,27.817953
-2.081162,16.607203,37.91085
-5.5481277,16.707993,76.1033
-28.362112,20.828587,41.490757
-35.511604,17.474335,-21.398159
-16.266861,17.729973,-42.319458
-5.3140464,17.757784,-18.990124
-16.511787,5.441498,-19.94875
-23.601645,7.6527166,-9.913513
-20.816065,16.74402,29.745918
-10.223483,19.516945,21.442001
-2.311687,19.116909,2.2276058
-6.724386,18.173506,20.911064
5.20596,11.811811,22.412205
-16.37386,10.631897,18.461048
-13.978111,11.848906,16.598322
-4.271315,1.3850913,29.811714
-10.076294,8.894575,72.52773
-12.91223,7.5692186,72.5627
-17.84431,10.548569,54.060455
0.8793168,6.885506,70.397606
-7.955499,6.720348,40.002113
2.0979576,11.658644,35.994724
-5.837467,8.488419,39.705772
-16.793653,6.8650274,12.953386
-10.468294,8.610262,10.290425
-2.5760972,9.690175,24.2194
-6.205746,2.5891714,16.199593
-2.5662346,5.332696,16.41212
-2.4631796,2.0230682,9.922108
-2.5272977,1.9503655,-3.3517323
-6.8854322,1.3396955,11.417985
-16.907597,5.9260645,59.0827
-24.506113,7.9110656,48.152096
-14.695801,5.218569,30.312773
-6.814135,5.4012117,14.527118
-0.35104346,7.088133,50.657032
-10.10294,6.479226,49.291092
-1.7016351,8.506938,32.037445
-4.8216815,6.023542,30.920315
-3.345011,1.1193047,31.062943
-13.251066,6.4800763,38.61422
-9.164864,0.10786724,17.96592
-8.865727,0.4474454,16.812927
-9.6010895,0.7846546,8.541691
-1.6966696,3.0470824,28.27053
-5.5906143,2.0468125,37.600517
0.580513,8.206301,45.93583
-3.5926452,7.1810164,31.871653
1.861651,7.755714,24.382011
-3.8596988,5.8994603,16.604414
2.8544898,4.7391677,-2.2539635
-5.035877,7.8495893,13.667036
-1.5100958,3.2247753,1.859251
-5.878245,7.9627204,8.383113
-6.4548397,7.413971,3.157917
-5.9494076,8.843949,14.93994
-10.050884,5.7480597,5.145939
-5.201572,7.461674,5.089902
-10.322486,5.7607846,-8.693451
-7.989271,8.5592,-3.614132
-14.324184,9.121186,-3.6082726
-4.762624,7.1401367,-7.7326107
-10.431213,10.889578,0.8205185
-10.264073,11.872899,1.3600655
-18.173344,12.817413,1.8273363
-9.673385,11.333097,-9.370623
-13.47156,14.552439,5.412718
-7.011912,13.327135,0.25017452
-16.147915,12.480624,18.35267
-18.65881,11.50998,3.0761137
-14.201782,13.11097,29.9278
-18.880032,12.114082,20.035551
-7.007434,9.160817,15.34672
-16.45826,13.7571945,17.178116
-4.2734194,15.443096,21.468138
-9.816162,17.364136,28.351868
-0.4599371,20.216282,34.695023
-15.697605,17.658958,53.874977
-6.717545,14.966646,40.06224
-14.975119,10.923253,36.538216
-6.5969133,14.489841,32.89025
-0.013869286,8.4279375,50.04214
4.184878,11.510351,28.555477
2.9990416,9.774228,46.99038
-13.926546,8.557988,55.03424
2.3785834,3.561055,53.672653
-1.57493,6.5248084,72.39975
4.027718,3.477816,79.900085
-4.480081,9.930288,72.293
-9.315495,12.46475,70.22267
-5.4113455,15.45011,61.853374
4.3219,15.8896675,49.56428
-3.2999566,13.563387,62.8456
-18.077911,18.825348,59.939922
-32.093925,16.349657,69.363045
-16.040495,22.643715,52.08592
-2.5051095,17.048199,52.280697
-10.802685,13.396157,61.132347
-9.223959,14.408203,39.85075
-22.29611,17.731478,24.292717
-17.032513,7.089351,4.284892
1.3352532,17.049442,-0.02631092
-16.510315,13.079561,27.446968
-17.101809,9.903101,51.3915
-21.22822,12.264967,65.69943
-8.718966,9.983088,53.305267
-4.22876,10.662799,46.941612
-22.969837,2.5047257,43.722244
-18.757229,3.2261074,24.897156
-17.104069,2.185722,19.162975
-17.459858,-5.0650673,21.308418
-15.963427,-5.047802,44.319626
-16.931038,1.0824094,63.489216
-14.361324,-8.67536,55.366997
-0.5704298,-0.34016848,42.65027
-4.5339403,1.1741714,33.969627
2.535934,4.044884,10.562908
-10.7293415,4.8644457,13.73209
-12.643311,10.918951,28.89684
-5.1171184,11.883418,17.428886
-4.994163,6.9170785,9.775089
-9.650634,10.465221,5.981762
-8.402519,13.336758,16.838778
-4.2163744,7.5568557,-10.46826
-2.5640266,5.2702813,-28.812016
-16.457859,10.694758,-2.9733791
-7.1402545,0.05450058,15.331612
-22.408169,-2.6502109,-5.076416
-15.050816,7.017973,9.879086
-10.313463,-4.223242,7.3093653
-4.2588115,0.6957178,-12.110878
5.1749845,5.221032,-5.260248
-6.4191384,5.4512386,11.921915
12.083872,4.811442,24.067308
0.38260174,3.222941,9.993723
3.3917975,6.7687674,4.078911
-2.9148746,3.770935,35.81712
-6.1997595,7.736211,36.90683
-12.821886,7.5023007,25.828972
1.0528612,7.0953035,23.131687
0.98652315,3.3561568,46.04872
-8.648642,13.372589,52.002617
-4.9461975,13.72631,76.10043
3.0795388,20.348583,65.06283
2.7143455,20.485966,50.805275
-1.4981618,18.377415,26.617388
-5.225357,13.421821,11.123159
-3.284024,14.672294,-19.288136
3.5014095,1.8518448,-26.730515
6.995423,7.288904,-33.00713
4.2990975,-1.4772644,-33.77325
-4.1051564,1.6969409,1.1441107
-2.548874,3.091732,22.954592
2.1741872,-4.967581,21.275314
5.0479035,-11.902945,7.4950085
3.6527896,-10.304124,11.049208
9.18647,-7.70944,23.63882
2.2133017,-5.9264994,41.610146
6.5105205,-6.610196,28.517206
13.966518,-5.771558,33.9622
2.738402,-5.4994087,53.349014
-7.684739,-6.021551,64.461365
3.1390042,-10.319885,61.81602
1.0611134,-6.4809914,32.43513
-3.328173,-5.117813,22.568422
-11.228889,-15.44725,14.555062
-1.5108862,-19.017494,13.724325
-0.30420852,-9.140529,17.297977
-14.232742,-10.075224,53.581135
-9.003212,-9.697008,42.424904
-1.9021246,-8.5444145,15.276096
1.5535264,-2.876155,12.41015
-3.6311462,-6.0946007,36.276928
-13.883131,-3.9776058,28.96162
-6.0270634,-5.82648,-2.4037037
-9.028429,0.54683495,-10.948595
-3.6773486,-5.476367,-10.209812
-7.363654,4.9348927,-47.492317
-6.5908585,5.376731,-53.485725
-0.37307405,13.768459,-54.268852
-23.192616,17.80231,-50.146683
-18.112228,8.313249,-83.5127
-27.27036,15.83814,-37.402843
-14.430317,14.812659,14.693999
-6.0994434,14.155784,11.315255
-15.5776005,16.175129,-5.220047
-37.918102,28.036896,13.919785
-19.415735,29.805092,30.564373
-5.972525,23.466244,-11.347153
5.5939364,28.035885,-9.988113
-4.2743855,29.86577,53.840096
-21.946487,16.859484,31.5875
-16.080713,25.159498,-43.84507
-12.789471,19.39044,-60.78663
-4.1983232,17.361422,-39.864902
-9.268932,6.3815365,-66.87959
-20.053228,17.296349,-109.46016
-5.0439615,16.479473,-97.91995
-0.4795301,27.168896,-82.27008
-10.040752,16.908619,-56.89911
-8.767483,20.411474,-78.11038
1.674715,33.172173,37.944748
-9.2248535,38.82082,0.6476116
-5.4351897,34.369507,-28.120804
6.15461,29.720057,-11.311657
10.561914,23.94957,0.9935293
-10.065164,18.34096,10.121264
-22.751446,6.409505,-6.7837524
-23.631163,8.703514,4.029703
-11.952996,3.3955069,-4.7055492
3.1534166,15.995125,-22.830173
-8.247828,7.057147,-45.127193
7.926048,9.573862,-53.30754
16.813555,6.6667247,-70.72064
-11.02553,5.1486993,-103.071815
0.43140554,-5.6795883,-112.49649
7.7492957,-10.713459,-91.528305
-7.7910457,-12.765253,-105.86069
0.14413166,-12.836149,-73.27291
-5.3021426,-8.954211,-27.374783
11.524509,2.3551302,4.859069
12.863344,-0.20593643,35.826115
8.8213825,2.013518,57.321556
17.185356,2.8059301,62.953182
-7.7319856,6.000578,90.94873
-17.698742,-2.5281,50.83076
-10.656513,0.6394329,-3.289734
-19.425919,-5.151925,12.424953
-15.759026,-8.557963,-33.67268
-17.628395,-2.3638654,-18.531311
-9.770604,-8.584665,-25.401611
-24.489798,-10.571728,-48.7229
-29.72631,-5.681115,-58.45246
-41.145218,-6.20113,18.462584
-33.316,-1.3841896,62.35181
-6.7696724,-0.4179597,69.879974
-6.6565146,5.935176,106.237946
0.3704915,8.032015,129.3294
17.449062,17.317936,105.826195
-30.072165,20.629766,136.07921
-11.078093,22.532717,110.28283
12.396889,19.961351,67.3777
-23.346409,8.332722,77.175674
-44.8702,9.148561,118.847755
-15.77187,3.6705582,64.66806
-26.35601,13.229157,-37.09704
-28.906971,8.28249,-19.503525
-16.610783,8.3162155,-49.265854
7.00522,-3.4801903,-68.57055
-17.299953,10.037827,-7.8340683
6.4623485,14.35169,9.937718
19.04824,9.312382,-29.065296
6.333079,8.042514,-24.728924
-1.8262858,15.785146,23.635626
36.03132,14.682257,27.003857
4.860497,17.04612,77.135025
-0.93928766,6.365938,30.912117
27.65535,12.62706,29.543106
7.6011453,1.2377739,90.56937
-26.446869,8.2698965,35.28556
-23.136105,9.615479,51.31693
-11.293314,0.833642,63.616062
-35.810062,2.5851314,48.320045
-11.179752,4.969714,-14.1453705
0.33220482,3.274316,31.539856
-22.009617,1.3499289,12.575488
-15.268505,4.2711334,-100.59553
-9.428434,11.676846,-37.1507
-36.050625,-0.99774456,-38.918884
-14.428469,13.250041,-68.43617
-27.559616,2.3696465,-100.332565
-15.216557,4.3601213,-84.221596
-22.62994,2.3471828,-89.067314
-21.166082,15.860262,-46.380558
-40.842445,5.0047503,-63.97876
-25.659077,-2.0189157,-91.810776
-21.610247,2.3842022,-74.850525
-21.748907,0.23042107,-12.461073
-32.32667,6.0337744,-19.779984
-6.352726,6.4334135,-47.937714
-12.669357,6.732156,-22.079487
-17.486277,6.478219,-18.493694
-3.3134363,11.584778,-8.274105
-11.733248,9.119856,-14.53577
-4.1693826,3.446817,-45.214622
-8.954069,5.33204,-68.7229
-4.29118,9.159107,-38.112408
-8.505069,10.133234,-21.32956
2.1940427,9.734463,-82.22448
7.337914,8.760402,-113.85101
0.6248474,0.69173,-141.236
5.105602,3.8956995,-168.44887
0.42182684,1.4376903,-160.29015
-5.230941,10.005149,-146.5714
2.5502381,7.241929,-139.77112
-0.9033227,5.9997563,-129.29843
-8.1152315,11.251481,-73.62069
-4.6628566,16.634542,-50.26432
-1.8997073,15.896167,-50.594505
0.39907408,12.845628,-53.731606
6.620538,17.159252,-14.898163
3.8995147,16.887554,33.607098
-4.203113,12.510724,39.272663
-10.562761,11.14238,28.932611
-4.405049,10.408551,13.667453
-8.519627,9.111405,31.881447
-11.403345,5.660389,20.492008
-5.4004292,8.709864,17.598122
-4.705703,10.001425,36.309486
-8.417345,5.051417,18.10823
-14.68239,4.9333553,-7.7264347
-10.328543,2.7757401,-6.3609715
-11.055853,2.5393803,-11.467306
-7.1586933,0.93125486,-14.33078
-0.056284428,1.9635758,3.1453152
-2.3425112,-0.061609745,31.879639
-3.035777,3.3629313,42.499016
-9.105069,0.29861832,45.521538
-15.948782,-3.4090881,37.50787
-9.128861,-3.839859,51.161186
-11.251943,0.47899818,73.449554
-10.067575,2.75874,90.61639
-10.085068,3.776555,90.1627
1.366797,0.59260845,82.788246
3.5566907,1.920151,65.918274
1.4240017,0.1818676,61.881535
-3.255989,-3.4283247,57.448742
2.7620177,-0.23398685,44.983772
2.7082477,-0.832571,45.94234
5.206471,-0.6019316,35.094246
2.7910395,-0.11130142,44.244583
4.6851764,-0.109874725,32.94307
8.609695,-1.2740479,13.382552
5.640515,-1.663444,9.168293
7.557492,-2.4856496,8.596359
7.302399,-1.1446724,14.192293
3.37753,-3.4282818,7.8012457
9.6,-3.4406242,7.2057586
5.43759,-5.026046,3.2543583
8.576078,-2.637364,1.7684937
4.227736,-3.821659,1.8742352
6.3575644,-0.6947012,-3.9934826
5.103494,-1.5917959,-12.018896
0.99711657,-1.5507298,-16.183622
2.9467354,-2.6960583,-9.842865
6.1161323,-1.0953627,-16.193054
2.1758027,-3.110694,-22.91528
-1.0515914,-4.90501,-39.106007
3.7922363,-3.4406462,-39.26581
-0.18827629,-5.78623,-45.27538
4.2487264,-5.383895,-52.5532
-1.075419,-3.315897,-35.723564
5.3537107,-2.987649,-41.156452
-1.4460623,-3.2746325,-39.085003
2.486405,1.4670949,-39.03046
5.70694,-2.1070704,-25.083729
4.1846395,-1.1184449,-33.93685
6.9442487,-2.500905,-41.39477
5.0832343,0.5072417,-38.154236
6.026404,-2.3050747,-31.593628
3.851688,-1.3047991,-36.272236
2.6548495,-0.5954828,-37.460342
3.5582728,3.105363,-17.799534
-1.3727384,-1.4695601,-30.298698
3.037818,1.8575869,-41.34005
3.2004457,3.9169784,-30.79969
2.7795973,5.062889,-26.101284
-0.8054459,4.446926,-40.95565
2.429245,4.0733285,-49.40291
4.40968,2.9240048,-47.961754
-0.43254447,1.6359997,-55.40735
-2.1190329,-1.9346032,-58.464447
2.6811266,-2.4883413,-62.743607
8.055717,0.07346058,-43.110836
-0.18687344,-3.3990154,-36.702595
9.303692,0.3752489,-25.550297
4.2928433,-1.2084198,-11.101997
11.375935,2.5361035,-12.102238
7.964126,2.0594482,4.370944
10.391962,-0.06819582,-8.589598
9.875767,3.4420304,-2.0747356
5.3457017,0.1921854,1.9987936
10.325693,0.47284412,2.4251642
9.821772,-3.2720375,-3.6305504
1.2460365,-5.1353416,-3.9899273
5.9694486,-7.5751944,-16.496456
6.529718,-7.159704,-14.159519
6.1790824,-7.561633,-20.259346
6.8998704,-7.4347334,-17.120628
3.4731688,-4.0499897,-11.938301
7.131821,-7.5253963,-41.926712
-0.13617325,-4.196129,-46.45871
12.309671,-3.4604578,-38.503334
7.2661195,-3.7529993,-27.123775
1.4669662,-1.5823731,-41.297634
0.16604996,-4.2113304,-44.631817
2.3640842,-5.8290796,-45.29629
5.4767623,-8.312111,-42.565716
1.0048709,-9.363492,-45.023575
1.2393327,-5.394598,-27.351109
0.29493284,-5.398185,-22.505177
-0.058179855,-3.2555017,-33.157593
3.6062832,0.07591677,-22.688911
5.0238442,-2.0491862,-5.3133163
1.4765649,-1.4036589,-22.768494
7.7695117,0.7169614,-37.324135
4.926931,-3.582079,-32.48299
12.703119,-2.8727732,-36.67244
4.4948525,-3.9342308,-28.143448
5.904921,-7.1017675,-43.07311
12.06768,-5.195099,-33.19728
7.35936,-4.219961,-37.52656
10.218828,-2.0979671,-40.394283
5.5071883,-0.16776276,-20.848873
8.81179,-3.3543396,-30.774078
12.831066,-0.5009146,-38.019215
11.102446,-2.1439633,-25.403378
10.883118,-0.82751274,-24.990646
5.377107,2.5681224,-31.700321
1.8834767,-1.0168362,-46.438717
6.9634767,-0.7904196,-61.842285
2.148817,-1.531486,-42.23531
1.368433,-2.516827,-41.97658
3.4708123,-2.4369593,-45.483173
1.5246711,-2.1567411,-39.8222
4.0009675,-1.0699277,-52.052307
-1.5536215,-1.3589215,-34.63141
0.48880053,-0.57150984,-37.01704
5.9131875,0.46300793,-37.664303
-3.5556655,1.2610054,-34.752808
9.07999,1.7445943,-46.09394
-3.5505884,2.24392,-27.269176
1.9974914,1.5464287,-28.38747
4.683706,1.6904011,-18.649548
-4.4980154,2.136999,-13.519676
6.8146157,0.12037659,-13.780762
-1.0001869,3.7881281,-13.246168
3.8452435,7.6302986,-3.5124722
2.858232,6.21266,-2.6388893
-1.7321677,4.965943,-4.71632
4.150455,3.8437233,-12.371672
2.7109404,3.4247184,-10.545954
-2.288548,3.3122864,-1.2870369
8.187975,2.5178187,-11.565535
3.6490011,7.3241615,2.753765
5.6253896,3.7445512,-7.776352
2.5053997,6.5323405,-3.909727
-0.8525772,1.9843109,-13.38036
9.016394,2.187442,-16.259314
1.1568251,2.3901827,-9.994055
4.297132,0.10445452,-6.1173496
-0.23508239,4.80736,0.9385834
-2.4210975,4.854803,4.2553186
-1.5140879,3.5056024,6.4690332
0.2427578,3.3968787,-6.377119
-2.9916205,1.1179018,-4.7230587
-2.8883312,2.0520315,-15.979843
-2.1920385,2.157263,2.5900555
-1.8312025,-2.367591,-6.67465
-0.24651527,1.9283769,-2.4811764
-11.314524,4.5128675,14.037308
-2.1543045,0.6628361,-3.4730892
-1.7677431,2.1087368,-12.375605
4.1299596,4.7164936,-3.7030373
-0.078351736,3.6853414,15.39312
-2.9794478,4.5323715,19.093252
-4.2645507,1.452672,6.4569025
-0.7542963,4.806089,-0.47899532
-4.436836,2.7854567,19.115175
-6.427027,6.12686,-2.6800346
-9.32431,4.4324536,-7.105259
3.3242307,4.535243,-5.9869785
4.6839833,3.504208,5.2857637
-4.4903355,3.0343378,13.709927
-1.4270153,-2.5664554,8.415289
-4.841141,-0.93159485,-4.5994053
2.276967,-2.0675855,-15.538841
5.8777213,-2.1191835,-15.953487
10.586063,0.60647726,-4.7166824
17.499056,2.373491,15.547846
7.3954988,3.1810882,16.62386
12.452332,1.7906184,14.759847
10.7615795,-1.8909631,25.12828
5.6276336,-1.3366199,29.802998
10.663712,-3.1125307,9.09936
6.895865,-4.1974344,6.6840143
10.67981,-2.9965534,8.827885
15.962704,-1.7766881,12.415232
12.128977,-4.0799685,8.604498
0.49958754,2.303985,22.43413
-1.8804147,0.5779538,17.095028
2.1495419,0.24787664,-4.5069256
13.519159,-0.6181817,-19.780132
6.403663,-2.3551645,-13.399397
7.2264457,-1.6270537,-18.765862
4.663756,-3.3114614,-31.49371
8.751215,-6.777155,-41.838367
14.518372,-8.303061,-52.211777
1.7798047,-12.048029,-51.28356
-2.9075012,-12.916962,-42.867542
1.9534788,-9.828915,-34.536667
10.455259,-14.655598,-38.7038
13.684965,-14.6643715,-44.1484
1.6296387,-21.194803,-41.232788
4.1426997,-16.35496,-37.13175
5.590731,-18.376204,-42.435783
5.75308,-16.689,-50.27452
7.6518826,-16.155205,-41.895798
-2.3656044,-10.174901,-40.652866
-0.765615,-9.713017,-42.426655
5.710398,-6.339443,-37.348217
7.1442847,-5.9269924,-44.73622
6.2756104,-7.3722258,-69.34237
-8.826887,-2.1821113,-60.8964
-12.038055,-2.4218245,-58.095665
-11.319681,3.676396,-41.783585
0.14498043,-0.38087463,-50.767105
7.3328176,-1.4362974,-71.59418
-0.7812705,2.2056754,-64.592964
-1.3635716,0.0003170967,-95.87748
4.1028256,-1.7730894,-116.73889
5.9093537,-0.5549822,-135.16449
8.552805,-4.1412706,-123.80943
2.5331435,-4.8817854,-100.184006
-1.602632,-4.2745943,-81.05405
7.107466,1.7124529,-68.58646
14.911085,5.249366,-80.96805
8.776062,3.5804458,-77.674164
12.344482,-0.38103247,-84.148636
18.586868,2.3422647,-65.668655
17.494843,0.029352665,-54.708214
10.629463,0.4526143,-41.74602
8.80237,-2.3082652,-36.03695
12.694609,-6.917199,-68.379326
7.967753,-1.2357321,-41.140083
6.891516,-7.8011465,-59.817307
12.3479805,-5.66481,-63.448235
11.774513,-9.346713,-62.628464
7.3726563,-7.6250544,-76.203156
10.88512,-6.8072586,-62.500526
2.0329995,-9.579379,-65.61299
2.5282602,-9.985297,-81.62078
9.058825,-8.177987,-96.38399
12.343811,-11.713778,-88.10478
8.090464,-14.207031,-110.267395
12.363125,-10.551136,-86.856804
9.763172,-16.043798,-78.8686
1.2358999,-11.375755,-80.903984
-7.1691813,-8.3924,-52.023422
-4.7689486,-7.3938255,-39.481583
-35.43219,4.723035,25.414154
-5.9304366,-2.3339748,17.112282
19.824322,3.9785101,-22.254654
10.991152,-2.685917,18.12211
11.250946,-3.2443562,-19.26014
5.7626576,-5.1722155,-59.22254
-15.937075,-4.7481213,-103.74899
10.117182,-3.5297709,-95.7102
4.5369344,-7.9477825,-93.70715
6.599463,-14.3464985,-123.29256
-10.713552,-5.45072,-53.96456
-5.7995367,2.7124438,-88.81341
-3.1166105,4.228441,-117.88951
3.5681205,1.0839477,-117.24194
9.584568,6.1795955,-73.52505
24.12634,-5.1819153,-62.51297
4.034618,-2.3646913,-46.526085
2.9132967,-3.6947327,-60.39781
17.482279,-8.536598,-80.88843
5.389034,-2.2226286,-14.137646
-0.017190933,-6.1045227,-76.94749
9.72439,4.5313516,-22.696423
6.48441,-2.2447944,2.409934
-7.720329,4.9313984,-43.010197
7.0405755,5.3780427,-34.7219
4.526151,-3.4423847,-40.34177
-10.970037,4.7752824,-54.432976
-5.9023485,-3.8410244,-85.37957
6.542464,-1.1882315,-82.36168
1.0891523,-8.381273,-91.80696
19.994942,2.3358805,-78.94976
0.010122776,-7.671749,-65.63821
0.39685297,-2.3979611,-90.95016
5.7070756,1.049623,-65.68552
-5.531829,3.801855,-1.7942524
-10.403543,10.285702,-12.785622
5.3845983,4.3816223,-22.753685
7.795115,5.848632,-31.382225
15.523251,3.2650902,-33.814224
-0.8396747,3.8371835,-21.325485
0.77951527,1.8973877,-23.568611
1.4816585,0.8632202,-14.340666
-3.0110404,-0.2979579,-11.737795
1.0128303,0.7939172,-13.572447
-3.414536,1.4100895,-7.749443
-1.6818223,1.0874329,-10.879927
-2.6509755,1.0199299,-35.55992
7.5885262,-1.2541933,-36.098423
4.326793,-3.6623564,-38.03925
0.2663107,-3.4189978,-43.505116
-0.040074587,-2.8998957,-45.28343
1.3609076,-2.6547613,-49.770714
-3.3652124,-4.03193,-52.68493
5.1599717,-4.7619915,-48.197075
-0.39719057,-1.3006954,-29.558002
0.9282346,0.20713139,-24.629559
2.3068042,-2.6425114,-22.894558
0.3669138,0.780674,-21.962124
4.372395,-0.206285,-16.365501
-4.8954744,-0.92904377,-13.06637
-1.5700603,-0.60721016,-13.457474
0.6475234,2.1673684,-8.682758
-0.249017,0.14587879,-18.21111
-1.0109584,1.1650991,-20.506683
-1.7352579,0.19012737,-25.421925
3.445723,0.098208904,-23.110176
2.266851,-2.1701756,-31.725105
6.0009103,-1.8736134,-30.10579
1.9815063,0.464355,-26.765999
3.2889485,0.24987602,-35.527954
2.173706,-0.43883753,-40.66688
6.6539836,1.2718067,-40.20082
3.16392,-0.8251376,-37.164253
3.5653443,-0.011378288,-40.720676
4.665589,-0.7038274,-26.43097
4.395512,-0.26931572,-30.73684
3.9190974,-2.6025238,-25.728672
-6.44536,-1.3043785,-26.653824
1.7810817,-3.4417133,-32.64071
-0.6445012,-2.9072924,-31.67791
2.6235929,-3.2947025,-38.78974
1.3041239,-0.78488827,-23.634014
-1.2765458,0.5696559,-30.589298
-5.4277363,0.084157944,-35.728317
-4.4051085,4.521163,-46.617775
-2.2257233,2.4611583,-39.76055
-7.9396486,0.17168856,-61.733025
-3.8531535,2.5901453,-72.07407
-7.6229687,1.2925315,-66.73655
-1.525681,-0.008806229,-71.60659
-5.3517666,0.6133828,-56.4057
-7.619182,0.89112806,-56.816505
-4.792802,-0.86564064,-44.724106
-8.22894,-1.3463435,-58.31711
0.99739456,4.05925,-41.93533
0.8578286,5.189884,-14.188507
5.8892484,6.9612064,-11.4103775
0.27461386,7.2527847,-18.62482
3.1448007,3.4573522,-22.350498
6.3731294,0.34718752,-19.456146
4.879563,0.6651368,-21.984661
7.1196513,1.535943,-3.3730373
6.491261,-1.18223,-15.075996
4.19311,4.008596,-13.479223
0.5356083,3.6368322,-17.226162
4.062617,2.7004056,-18.250565
3.6422343,2.20227,-23.901844
6.1988177,4.012388,-37.637047
-2.048861,3.001498,-31.273232
3.5551853,-2.2812119,-49.696045
4.7717977,-2.0215049,-49.95411
6.6415257,-4.87239,-47.68979
9.53624,-5.97141,-36.60179
0.42533112,-6.390956,-52.913086
3.512982,-6.7111816,-60.852943
4.7098308,-5.6802626,-61.11824
4.2414546,-6.4037695,-46.270515
2.7259188,-1.0130677,-23.608421
4.9890723,-3.764058,-16.278915
1.186564,-0.76872396,-16.299486
2.9208817,1.6708126,-33.73864
-3.230567,-6.358387,-33.405018
2.2754855,-8.360641,-45.866417
3.9575415,-8.190726,-35.4813
-25.683435,-4.034258,9.885306
-5.335729,-6.893776,9.672554
2.2737827,-0.61648273,-18.555958
6.321694,-5.173129,-16.153166
3.272149,-6.704459,-24.38161
4.022487,-5.5512676,-57.13745
-1.243784,0.16745234,-88.05562
12.856041,-2.6600056,-81.32883
21.016726,-4.345499,-93.46179
7.334517,-9.119607,-107.47728
-9.976793,-4.2218704,-56.525574
-1.462172,1.9731011,-83.409004
-3.2783215,7.227628,-87.449196
6.312588,0.16098118,-79.180664
8.920786,5.7486324,-37.705803
14.874699,1.0170851,-15.178555
10.105175,1.9949996,-3.6648426
-0.031968117,2.6088967,3.072835
12.008541,-0.9056306,-41.630943
1.6183786,3.840293,-2.0898743
-8.98488,-2.8553677,-59.042313
13.258917,5.0970783,-33.042755
1.375103,3.1566465,7.720483
-4.710126,1.452956,-24.13578
2.9537458,3.9458451,-34.494892
-2.4892945,-1.9876909,-42.856884
-4.9173746,-1.3917189,-46.63706
0.6296263,-2.4533849,-64.37438
4.7831035,2.4260304,-34.657055
2.558206,-3.4676352,-55.63597
10.218285,7.4876184,-34.41821
-0.7964401,1.6156743,-32.966503
-2.9011142,2.5873365,-38.51479
-7.6027675,7.964237,-11.453089
-10.937273,10.274452,20.14898
-24.014729,14.843941,12.283879
-5.8143263,9.453377,0.939188
-9.179866,10.493269,-5.1296864
-6.82397,7.590198,-8.371719
-14.182484,5.4802585,-4.662899
-14.850405,6.257482,-23.222084
-10.292334,5.3367357,-12.756939
-28.372356,4.55573,17.969435
-9.335855,6.717031,13.332717
1.1442614,9.339667,9.092698
-0.7393625,7.7767105,21.6716
1.4216423,8.778658,-3.6177979
8.019058,8.223202,-23.065414
-6.8170977,9.975047,-38.00775
0.45830584,9.204218,-30.466156
3.4696693,4.1339235,-28.632393
-1.1617236,3.1345289,-23.584564
-10.041892,6.719797,21.814444
-5.038588,8.413187,10.720348
-3.8436558,15.068684,15.4909725
-0.93113184,9.117178,12.172371
0.30475616,11.13636,22.337536
3.297419,8.681379,28.96897
-5.5380654,5.351773,15.755554
-6.2005715,7.2514806,10.609526
3.149722,4.89645,1.0554419
-2.2531044,6.994845,25.203257
-17.423706,4.4361215,-1.3806095
-12.218847,9.56196,25.996569
-6.085801,3.8777122,28.9721
-5.327343,4.3727326,-3.0641308
1.5550022,3.2929585,-2.2773666
-6.4566135,-2.6173964,-4.1598015
-17.698084,1.4302127,-2.6648731
-14.329773,0.23927307,-35.050922
-1.308703,0.82756996,-17.009201
-3.9042234,-6.859247,-18.233067
1.7792864,-0.38587093,-11.582523
-8.844074,-2.8551064,-2.8889961
-5.559175,3.2379289,5.40534
-6.31035,8.836132,31.498241
-14.955832,8.542534,71.630165
-19.983015,8.314873,52.916573
-6.6996126,6.800264,52.766357
-5.8967896,2.3605106,37.25635
11.053415,3.9072895,13.231926
3.039619,4.9069653,39.75277
-7.208405,-0.41039896,15.186647
-3.641077,-1.7823839,-0.020458221
-9.426954,-5.9859743,8.974932
-1.5245016,-9.54617,3.9509888
-1.9945445,-5.5783415,-16.512926
-0.73297167,-3.6331663,-17.848686
-5.0284863,1.5868835,-49.194717
5.813459,9.136578,-34.005123
-2.4870262,9.829806,-37.210987
1.5465946,19.1428,-22.55899
-3.3060062,14.798907,-19.219242
8.029629,13.656745,-44.10981
-1.0330431,11.921886,-31.557617
-2.547978,8.034233,-25.782158
-5.5955725,8.619631,-11.447041
-7.5100274,7.671927,-18.546047
-1.6419215,-0.22629309,-16.357944
8.26372,1.5389915,-43.460384
-0.7856097,4.649802,-26.950264
-12.633318,3.9798355,12.708249
-1.6219025,5.6243873,20.01958
14.272247,7.21304,29.332928
11.24543,-2.8710928,-10.894373
2.7633877,-5.7993975,-33.033493
4.9723783,-5.0124063,-78.878075
-6.7637944,-5.6195126,-106.90994
-8.457879,-10.356461,-125.560104
-13.031237,-15.753349,-88.83956
-21.041607,-17.680452,-51.69204
-17.93046,-19.35059,-16.076986
-21.724224,-7.294692,30.57773
-8.2317095,-5.871725,-24.778706
-2.2598925,-2.7965698,-91.29243
-2.1137042,-8.125984,-129.87987
7.0137067,-6.708273,-129.40013
0.06209898,-10.364155,-118.396576
-5.4484234,-11.638546,-119.2896
-5.1054964,-11.576582,-117.44896
-7.8158607,-12.847391,-112.90779
-11.593197,-4.0792084,-104.68838
-12.395859,2.6365519,-90.12737
-1.6981096,7.883386,-66.865776
11.483101,12.121815,-53.24639
3.4206529,11.695962,-42.49866
3.3853498,6.9213705,-24.466133
-0.7770078,9.898242,-17.098381
