rt_true,da_true,load_true,rt_pred,da_pred,load_pred
24.7,35.13,2501.5923,22.9872,32.7442,2240.9314
46.53,38.61,2530.2305,22.8266,34.8974,2163.7953
21.48,38.61,2522.9375,23.2676,35.6696,2213.9729
21.83,38.61,2599.5356,23.2183,36.2689,2247.9908
22.28,38.61,2613.7983,23.1239,36.9029,2264.2186
22.8,38.61,2629.3491,24.1288,36.9381,2249.1445
46.75,38.61,2641.0947,24.1689,36.8169,2316.6535
40.89,38.61,2648.6433,24.6218,36.8535,2333.2076
27.11,38.61,2658.4636,24.5448,35.7694,2304.6242
22.99,38.61,2688.415,25.6836,36.4398,2377.7932
22.38,38.61,2689.147,24.8807,35.8566,2382.2124
23.61,38.61,2713.2314,26.944,35.456,2396.0161
23.76,38.61,2721.2854,23.4465,36.1112,2396.7724
23.76,40.33,2736.2383,24.2554,38.3017,2417.9756
24.31,40.33,2742.1128,25.0727,37.6843,2457.9399
24.78,40.33,2775.9507,26.9557,38.2174,2533.4281
28.97,40.33,2788.5295,22.2108,37.4684,2547.9171
31.17,40.33,2810.2925,28.2222,38.0414,2608.1779
31.26,40.33,2795.5557,22.8817,38.195,2663.2704
28.96,40.33,2846.5156,24.4901,36.7001,2631.9917
23.21,40.33,2838.6812,18.6709,34.7154,2577.1167
24.78,40.33,2872.6792,18.6951,35.5317,2637.1711
24.27,40.33,2887.4075,24.0871,35.0941,2650.0707
23.92,40.33,2912.6689,23.746,34.6199,2628.3208
24.85,40.33,2892.0864,18.6834,36.0654,2656.0322
36.08,41.52,2915.5029,26.8805,41.7536,2684.6685
36.65,41.52,2940.729,29.8845,39.6755,2682.3167
35.95,41.52,2982.2417,28.1324,41.3781,2802.7754
35.91,41.52,2996.8857,25.6623,42.7417,2827.6613
36.43,41.52,3038.5708,26.6871,43.3448,2808.8254
36.46,41.52,3029.8025,32.1651,44.2951,2804.9956
36.05,41.52,3071.4326,35.6423,42.0408,2822.6595
36.14,41.52,3096.2598,33.2027,41.2117,2826.6116
36.19,41.52,3120.8171,33.1731,41.7662,2866.3363
38.28,41.52,3111.4209,29.3154,43.5636,2855.9275
38.5,41.52,3159.3696,29.3524,44.0401,2853.5636
38.54,41.52,3171.5195,27.8067,44.9131,2864.3296
36.55,47.46,3187.5854,27.7375,44.4579,2873.5315
38.38,47.46,3223.3193,21.0068,42.479,2880.2143
38.35,47.46,3231.2747,18.7467,41.9674,2907.9619
38.31,47.46,3258.5337,24.0817,43.2131,2913.4373
38.32,47.46,3277.7083,27.1755,44.5159,2923.0879
38.35,47.46,3314.8997,32.7518,42.0535,2916.888
38.35,47.46,3335.4185,30.6024,43.8476,2982.4883
38.54,47.46,3378.4983,26.3154,44.1435,2973.712
38.58,47.46,3383.5479,32.2215,45.2805,3011.0535
39.0,47.46,3420.1636,30.1956,43.9327,3049.1064
39.08,47.46,3428.813,25.5409,43.528,3080.9704
39.15,47.46,3440.0923,29.6212,43.3318,3045.2104
38.99,51.56,3468.9805,30.9413,42.1998,3047.3673
39.17,51.56,3467.9072,32.1534,41.9484,3071.9886
39.02,51.56,3511.1399,41.8865,44.0159,3118.9845
38.93,51.56,3533.7378,38.9413,41.6614,3161.2807
38.98,51.56,3546.6614,40.9003,42.9289,3205.6035
39.21,51.56,3571.1536,40.6777,42.5966,3203.5365
39.24,51.56,3587.2993,39.8077,42.5235,3254.9826
39.4,51.56,3631.1157,38.9809,43.7515,3291.5715
39.69,51.56,3639.1616,40.3416,42.0416,3332.0966
39.73,51.56,3685.1963,37.8034,40.0839,3323.2159
39.79,51.56,3706.1499,39.8318,39.7655,3359.803
39.83,51.56,3736.2639,40.3667,40.7851,3376.9929
39.74,55.17,3751.5073,38.4214,47.92,3391.5686
39.91,55.17,3760.5657,37.5903,49.7159,3418.7148
40.04,55.17,3778.3652,38.6268,49.6445,3425.5716
40.05,55.17,3816.0249,38.764,47.7332,3454.3179
40.08,55.17,3832.5725,39.2243,48.2723,3471.7532
40.21,55.17,3861.3677,40.9362,50.289,3505.4822
40.24,55.17,3867.4165,41.2493,50.9584,3542.9547
40.53,55.17,3888.8657,43.905,52.2351,3587.1019
40.6,55.17,3909.9397,40.79,52.5943,3595.8566
40.53,55.17,3911.9792,43.558,52.602,3633.4404
44.75,55.17,3939.0686,42.5758,50.7974,3661.057
41.89,55.17,3984.0928,43.3374,49.7854,3661.5528
41.89,78.64,3971.2104,36.9617,54.9396,3693.0654
42.21,78.64,4004.3926,39.4467,57.3173,3668.6814
42.62,78.64,4006.4951,43.3865,57.6029,3706.4677
41.62,78.64,4025.9492,42.9961,57.6685,3738.7724
41.26,78.64,4068.6885,43.2778,55.8139,3757.7997
41.76,78.64,4044.0249,43.3394,56.547,3770.8652
42.75,78.64,4063.4775,42.1602,56.5264,3783.9995
42.83,78.64,4070.6777,41.52,56.9685,3835.8545
42.91,78.64,4080.8555,44.9158,56.3263,3846.5059
41.96,78.64,4079.6042,42.581,56.5851,3909.3854
43.66,78.64,4117.7139,45.7456,59.0064,3945.983
49.99,78.64,4105.7075,44.7433,57.5026,3976.9082
39.44,102.51,4118.9702,43.7762,59.1403,3997.4749
41.19,102.51,4127.7764,43.6476,53.7942,4005.7066
43.72,102.51,4142.7939,40.8417,50.8461,3997.891
42.48,102.51,4177.1226,42.547,50.8313,4041.4848
41.55,102.51,4199.3252,42.9439,55.2292,4053.0718
43.82,102.51,4212.4268,43.2536,56.8617,4068.9647
41.42,102.51,4207.5015,42.3025,54.0169,4064.4607
42.8,102.51,4219.6655,44.6482,51.0378,4080.0435
52.7,102.51,4191.7544,42.3043,42.5243,4110.7761
52.82,102.51,4184.0591,42.1195,41.2145,4093.5876
54.55,102.51,4207.3306,43.598,39.465,4117.7905
63.08,102.51,4233.3955,43.4578,51.8893,4161.8725
33.69,116.0,4255.7178,42.9294,79.0201,4174.924
33.83,116.0,4285.7651,43.9027,81.9197,4196.715
35.18,116.0,4286.0767,45.811,87.5487,4180.2146
36.43,116.0,4306.7559,48.5525,78.979,4186.8795
36.87,116.0,4341.9312,50.0296,80.7821,4233.9244
37.08,116.0,4361.9951,47.406,89.3221,4184.1038
39.08,116.0,4370.9302,46.2767,88.5266,4169.4227
41.33,116.0,4376.1353,47.4248,92.7441,4176.9976
41.94,116.0,4392.8018,45.9928,89.4248,4166.8007
43.48,116.0,4385.3633,50.2708,96.2453,4132.112
45.0,116.0,4420.6797,49.8377,92.4802,4196.3561
40.88,116.0,4431.5537,50.9293,91.3363,4174.7398
38.97,112.95,4434.48,41.8311,116.1558,4221.6968
38.87,112.95,4442.3281,38.6465,120.2414,4205.1071
38.9,112.95,4439.5308,43.5464,128.7375,4176.9175
39.55,112.95,4449.4414,49.2585,129.1003,4211.347
39.91,112.95,4437.2905,48.6835,133.1757,4259.5971
42.11,112.95,4425.1475,50.9774,128.6461,4290.2428
39.95,112.95,4428.7832,45.4163,126.6828,4265.1947
42.65,112.95,4442.2671,42.0357,119.1611,4291.1464
42.81,112.95,4432.9888,47.552,119.3102,4230.2798
42.64,112.95,4438.9258,46.8834,116.8431,4182.3481
39.33,112.95,4475.248,45.169,123.8317,4183.0383
39.72,112.95,4444.5459,56.3799,127.6622,4214.5752
135.87,98.58,4434.9639,45.4773,132.4091,4257.9545
70.77,98.58,4427.5811,47.3757,132.6317,4309.3431
65.96,98.58,4407.7573,39.9567,131.9143,4282.3212
69.3,98.58,4370.8154,37.0423,132.6397,4279.8405
51.51,98.58,4368.626,37.5309,126.2321,4377.6985
55.01,98.58,4392.4185,38.0026,119.5168,4424.825
52.09,98.58,4357.52,34.8617,119.3165,4425.374
39.87,98.58,4382.4395,33.1667,119.0042,4418.9164
54.98,98.58,4347.3379,38.5706,115.6436,4436.8409
38.68,98.58,4350.7979,38.7674,115.9728,4407.9912
50.72,98.58,4327.3916,35.7814,115.6292,4450.2797
36.62,98.58,4328.9785,35.8689,117.8447,4472.5794
36.37,63.64,4308.248,32.7383,104.8376,4417.9188
34.84,63.64,4297.4922,24.0298,99.2553,4439.901
34.94,63.64,4229.6484,20.9693,100.8021,4395.3896
38.52,63.64,4234.5684,21.9647,98.6919,4366.8047
35.04,63.64,4195.105,29.5699,101.9325,4349.9913
35.16,63.64,4204.8799,33.6641,97.0086,4320.5227
34.87,63.64,4177.9238,30.533,97.235,4301.9968
34.13,63.64,4110.9233,28.6402,97.4117,4326.2979
33.96,63.64,4145.2163,34.7982,98.8266,4330.1017
33.8,63.64,4111.3682,29.355,100.3762,4318.3967
33.76,63.64,4069.9575,23.9858,103.839,4361.5796
33.75,63.64,4076.4395,25.9734,109.3488,4313.0972
35.52,52.64,4039.833,56.4592,86.8461,4219.8044
36.63,52.64,4022.9407,57.5009,79.5633,4238.3045
35.91,52.64,3993.1812,56.1129,75.1992,4205.5983
81.14,52.64,4008.8071,56.2931,84.0662,4076.2312
35.44,52.64,4007.8516,48.7478,90.5852,4030.7434
35.51,52.64,3987.1484,49.0146,93.8225,4100.9309
34.95,52.64,3995.9451,61.3135,89.2439,4050.4039
35.1,52.64,4004.0364,41.2256,88.5844,4111.0442
33.99,52.64,3952.0979,31.6269,76.8342,4112.543
33.88,52.64,3938.8774,22.6787,76.3358,4085.2777
33.85,52.64,3919.6089,30.1486,77.1621,4038.7348
33.76,52.64,3916.4338,21.3987,85.3223,3998.2852
36.71,43.73,3911.7925,28.6566,40.7117,3944.5914
38.28,43.73,3877.0107,34.3653,48.0919,3903.8107
35.83,43.73,3863.3857,15.0957,39.5331,3836.6641
35.77,43.73,3836.4346,12.8434,35.8593,3840.1723
35.29,43.73,3811.0808,-7.5004,17.3986,3808.274
34.91,43.73,3807.2017,11.7182,18.8653,3845.1334
34.36,43.73,3762.3027,2.7956,20.0156,3802.5619
33.88,43.73,3746.9854,4.3451,26.7798,3683.2563
36.87,43.73,3720.4746,31.0135,31.2097,3715.4584
33.77,43.73,3716.584,26.2002,39.3322,3657.9393
33.78,43.73,3699.2234,30.6891,29.9959,3611.3617
33.97,43.73,3681.4607,29.4514,28.1056,3635.8668
40.35,40.33,3680.6943,35.7058,17.9738,3639.6306
36.11,40.33,3645.2812,33.3152,14.0595,3652.0879
35.62,40.33,3599.7773,41.3491,18.1269,3625.9216
35.35,40.33,3552.677,42.3901,16.6883,3699.5604
36.06,40.33,3547.4893,47.1726,21.1823,3710.9509
34.54,40.33,3514.8486,41.7073,22.2707,3697.3097
34.55,40.33,3522.9932,40.4574,31.5654,3685.6203
34.2,40.33,3483.0637,41.6101,35.208,3700.9343
33.83,40.33,3474.4163,29.3855,30.5236,3651.9778
34.56,40.33,3422.2483,34.0893,30.3982,3583.8846
33.6,40.33,3425.1895,28.026,27.8034,3611.4536
31.05,40.33,3408.9192,25.0771,5.8054,3653.1351
31.11,54.96,3399.7153,21.4954,16.9022,3631.8231
32.83,54.96,3358.9746,25.9082,19.2181,3564.8024
32.72,54.96,3333.4175,19.5865,31.0645,3512.7019
25.04,54.96,3322.6846,29.973,23.8665,3524.838
32.8,54.96,3294.1057,19.5285,31.0703,3432.3339
36.15,54.96,3265.1624,20.4455,24.1847,3448.4525
29.88,54.96,3251.4841,20.848,25.6193,3384.0958
29.79,54.96,3230.2683,23.0856,28.7874,3336.4778
30.93,54.96,3191.0164,28.8684,37.6252,3307.2873
31.67,54.96,3167.3311,27.3491,35.9275,3315.2629
36.07,54.96,3131.7573,32.2716,40.4739,3306.5083
40.79,54.96,3119.1406,32.3345,38.3993,3330.3347
36.79,40.3,3087.6011,33.406,39.4659,3372.0555
29.86,40.3,3056.3396,31.9916,37.8393,3356.5502
34.68,40.3,3035.2383,34.3736,35.6861,3304.776
33.85,40.3,3021.6572,36.9145,36.5853,3225.289
30.08,40.3,2995.9084,31.8447,36.2871,3206.284
29.61,40.3,2993.4985,33.8456,39.5392,3137.3869
27.81,40.3,2972.502,34.6699,38.7358,3183.197
25.53,40.3,2957.269,30.2488,36.0569,3156.136
25.64,40.3,2943.145,32.3156,32.8281,3173.634
25.69,40.3,2906.228,28.7058,33.9071,3116.1561
24.91,40.3,2900.9932,28.4353,31.2324,3118.4035
22.32,40.3,2881.2742,30.1762,33.0871,3127.1809
40.45,38.59,2885.6357,31.8464,55.1415,3156.6957
39.76,38.59,2883.21,30.0243,57.3278,3099.0692
34.84,38.59,2880.0432,34.616,60.6107,3041.9233
33.89,38.59,2874.0679,34.4275,51.5932,3053.6476
33.89,38.59,2852.7805,34.1805,57.5832,3011.1116
33.83,38.59,2831.6128,33.4782,49.713,2993.9652
31.27,38.59,2808.6355,29.3832,46.2422,2976.3183
31.15,38.59,2796.52,30.6563,39.4999,2962.2606
30.0,38.59,2775.2039,29.4366,53.67,2885.0127
29.98,38.59,2767.5674,31.3385,56.1479,2840.1571
29.59,38.59,2752.8574,32.8585,58.6253,2792.7922
27.81,38.59,2738.0645,38.4855,59.0982,2775.062
39.58,36.67,2747.0298,29.375,38.4793,2702.9281
35.64,36.67,2718.9731,31.4082,31.8315,2660.8461
34.95,36.67,2716.0479,25.2759,30.4531,2635.2625
35.11,36.67,2715.1721,25.2784,48.8231,2594.3583
35.28,36.67,2693.7539,22.466,43.9779,2585.7951
35.16,36.67,2724.9216,23.8173,35.6683,2620.1106
34.6,36.67,2690.8145,24.1887,35.1329,2616.6109
32.5,36.67,2698.5698,18.693,28.891,2620.5228
32.46,36.67,2667.5942,23.4626,25.2018,2630.2527
33.74,36.67,2680.9141,15.8012,26.1887,2592.6935
34.6,36.67,2659.3657,16.022,34.1042,2574.4085
33.64,36.67,2644.4634,16.153,40.0817,2538.6254
33.61,35.92,2627.0408,28.4255,22.0082,2609.8203
33.58,35.92,2631.2075,32.2058,14.1859,2675.0752
33.58,35.92,2648.8772,35.1894,5.8009,2733.8896
29.81,35.92,2651.2537,30.7207,5.8389,2765.7278
29.87,35.92,2672.6855,34.548,8.0745,2701.9019
29.46,35.92,2624.4424,29.3967,19.6079,2653.1458
29.95,35.92,2643.3584,33.489,18.3017,2600.2434
29.52,35.92,2607.6331,34.1716,21.5353,2578.4168
29.49,35.92,2606.3396,30.2247,18.6785,2567.5295
29.49,35.92,2598.2302,29.1417,18.6528,2559.0101
29.4,35.92,2619.0059,28.8148,14.5824,2588.1063
28.04,35.92,2621.6714,28.5353,17.3549,2536.5717
29.43,37.89,2609.2026,28.9912,16.6324,2562.4299
30.04,37.89,2588.644,23.7898,24.9768,2516.2705
30.04,37.89,2607.3467,26.3841,29.734,2510.5302
33.64,37.89,2608.1958,29.4437,37.6534,2526.3988
33.61,37.89,2593.7227,29.2353,38.4121,2511.2539
33.61,37.89,2589.0342,34.0441,40.7897,2568.5445
34.5,37.89,2587.5474,32.7648,39.1808,2546.5538
33.58,37.89,2594.823,34.6812,37.8519,2567.5022
34.5,37.89,2629.8345,32.5574,38.2927,2560.7027
33.61,37.89,2597.3364,29.2063,37.9327,2571.0515
34.5,37.89,2613.3081,31.0918,40.5048,2561.6625
34.63,37.89,2615.908,31.6677,38.9451,2538.293
34.41,41.13,2614.4492,32.8307,38.424,2511.6345
36.58,41.13,2631.8467,35.003,38.932,2520.3926
36.65,41.13,2667.5791,33.7957,39.0289,2563.8124
37.42,41.13,2687.0125,35.1185,38.5445,2587.7404
39.25,41.13,2671.2861,32.6989,37.3793,2657.5959
39.51,41.13,2696.312,29.4595,36.7369,2584.5354
39.55,41.13,2666.1787,28.3013,35.5612,2605.6422
38.0,41.13,2695.0002,26.004,35.2202,2553.0163
38.0,41.13,2701.7446,30.0151,33.6541,2560.6799
36.27,41.13,2696.7471,28.8713,35.0448,2538.5572
36.46,41.13,2694.2446,31.183,35.1917,2579.8368
38.59,41.13,2703.6646,29.8666,35.8203,2615.9532
31.81,43.85,2725.1333,33.4628,38.48,2603.3224
39.47,43.85,2745.8848,28.6959,35.8417,2580.749
39.58,43.85,2750.4072,31.6706,37.8906,2584.558
39.69,43.85,2781.3359,31.972,36.978,2618.6907
39.69,43.85,2808.6992,33.3882,38.2265,2576.9845
39.65,43.85,2800.9307,36.428,38.4705,2573.9393
39.65,43.85,2835.4668,37.3397,38.5998,2568.8263
40.4,43.85,2838.5967,40.419,39.767,2593.3023
40.68,43.85,2897.1287,38.5589,40.6333,2653.3808
38.73,43.85,2885.998,39.0682,39.4534,2638.0768
39.76,43.85,2885.0391,39.4754,39.8314,2656.5584
45.86,43.85,2890.9983,37.0437,39.1637,2661.5239
25.01,52.8,2937.3848,34.1518,43.6299,2652.1149
34.82,52.8,2952.3213,36.9152,45.2817,2652.892
34.85,52.8,3019.438,39.9573,46.8121,2724.6651
34.91,52.8,3028.3008,42.8279,46.8057,2778.9421
38.54,52.8,3031.7517,42.02,44.7381,2751.9813
38.42,52.8,3069.7671,38.6255,44.4013,2780.5689
38.23,52.8,3090.1147,39.9386,43.605,2739.51
36.81,52.8,3099.396,39.1598,43.553,2767.3552
36.81,52.8,3099.4211,37.4333,45.3987,2762.4638
38.27,52.8,3109.1194,38.6636,46.0731,2743.1857
39.79,52.8,3141.6064,41.0661,45.5133,2739.4384
39.82,52.8,3133.9858,40.8524,45.0744,2763.6051
37.47,68.79,3180.4417,38.637,46.7601,2797.9048
36.9,68.79,3203.8745,37.5242,47.4513,2830.4937
37.45,68.79,3232.2139,37.3794,46.9373,2848.265
39.57,68.79,3253.8433,39.5887,47.6468,2886.6078
39.75,68.79,3305.519,39.5557,47.8815,2950.6778
39.78,68.79,3310.6843,39.7796,48.743,2919.8295
39.86,68.79,3354.7456,42.3983,49.9454,2979.4616
39.9,68.79,3368.7876,42.1301,50.2376,3000.3328
39.96,68.79,3388.2363,46.7597,50.5814,3094.7381
40.04,68.79,3450.293,42.726,48.0925,3099.8813
43.48,68.79,3426.2986,40.8196,47.1756,3065.9889
43.74,68.79,3454.0825,42.0302,47.3961,3075.3441
45.26,78.38,3448.9331,38.3762,58.2583,3137.7821
47.13,78.38,3475.5645,36.351,58.1148,3175.5914
48.49,78.38,3499.3665,42.2088,61.9833,3251.1098
48.49,78.38,3534.3359,41.0969,56.932,3305.5977
48.73,78.38,3549.8579,44.4449,56.3235,3300.8065
49.09,78.38,3541.207,42.1019,55.4118,3338.3993
49.14,78.38,3581.9883,36.5622,55.0013,3346.7414
50.69,78.38,3579.2686,42.2743,53.4967,3345.6378
54.66,78.38,3605.8037,39.8096,55.6086,3330.9552
54.65,78.38,3650.2729,40.3378,56.6653,3305.3043
55.09,78.38,3652.542,42.2284,60.7806,3328.6155
101.34,78.38,3667.147,46.1284,54.9923,3369.6093
24.54,79.51,3716.4629,38.8246,75.1615,3414.3721
64.84,79.51,3712.6812,41.0835,75.558,3464.2641
75.87,79.51,3752.2207,40.821,76.8131,3469.965
75.97,79.51,3744.0706,46.8593,82.3965,3478.8556
49.88,79.51,3775.502,48.8824,83.137,3544.9503
75.66,79.51,3776.3765,48.3366,86.0039,3549.7808
75.99,79.51,3788.3721,50.0545,85.5197,3591.0263
76.07,79.51,3831.0579,47.895,84.7355,3616.4515
50.23,79.51,3850.9331,48.294,80.613,3635.2169
75.98,79.51,3858.21,50.9002,81.7871,3729.8093
75.97,79.51,3900.5059,50.0057,81.0661,3696.2175
75.95,79.51,3891.5723,48.6132,81.3788,3684.8443
76.21,86.54,3933.6462,40.9684,88.4624,3636.0777
77.19,86.54,3947.4136,46.9944,89.0277,3613.7429
76.27,86.54,3965.2534,47.8992,87.4961,3652.1269
77.28,86.54,3979.8608,47.8319,86.2054,3672.049
76.81,86.54,3983.7993,48.8962,87.8727,3704.0198
77.07,86.54,4024.1494,55.5785,88.2195,3660.1538
77.33,86.54,4070.2612,45.4018,85.7306,3719.5519
76.86,86.54,4105.8877,48.9959,86.7499,3695.0701
77.11,86.54,4125.98,54.7209,84.7005,3734.4485
77.66,86.54,4117.6016,52.0911,87.7426,3793.4161
78.52,86.54,4163.4521,56.8884,87.8699,3815.6589
78.42,86.54,4164.0127,65.5558,93.7538,3780.2387
78.03,109.88,4179.1387,63.0703,85.9719,3863.0079
78.6,109.88,4209.0879,64.0246,81.8663,3860.6303
78.48,109.88,4239.0732,71.7893,84.6116,3872.816
79.46,109.88,4260.6782,58.591,82.7021,3860.6344
79.23,109.88,4270.1465,66.6788,83.2252,3882.9905
79.29,109.88,4305.2148,71.1934,78.4892,3899.7893
79.9,109.88,4334.3486,64.927,83.784,3865.0047
79.84,109.88,4338.4287,71.1458,79.1206,3960.5504
80.13,109.88,4373.3218,71.7829,82.8692,3974.2003
80.11,109.88,4423.4316,78.5637,78.1061,3990.9705
80.65,109.88,4441.5659,60.8512,82.1963,4013.1282
81.74,109.88,4444.1738,65.9493,77.1082,4037.3571
80.08,125.0,4456.4497,68.8558,87.9752,4054.3147
81.26,125.0,4473.5039,75.7718,84.9572,4110.5831
80.07,125.0,4499.8662,69.6809,87.6885,4097.5741
80.08,125.0,4531.562,81.9238,85.062,4107.4868
83.62,125.0,4528.7769,83.406,88.4712,4070.4992
85.03,125.0,4545.1123,80.9295,87.7723,4139.9683
85.03,125.0,4565.396,84.2214,87.4764,4226.6037
84.67,125.0,4556.333,85.5447,85.1742,4279.0445
84.67,125.0,4550.8027,76.0413,90.3151,4318.7173
84.71,125.0,4573.083,79.7167,85.8223,4303.0216
84.74,125.0,4566.8569,80.2659,80.6633,4359.9459
84.81,125.0,4544.9062,82.9082,86.4523,4357.3708
88.38,195.16,4576.3721,79.3236,109.9049,4401.8156
88.35,195.16,4589.562,78.7354,117.3187,4410.5957
85.76,195.16,4592.7788,85.9311,118.865,4449.9148
88.12,195.16,4615.3804,86.7667,118.2968,4474.0229
76.57,195.16,4624.981,89.7497,116.0612,4499.6565
107.31,195.16,4618.3823,85.9566,119.1411,4523.19
564.58,195.16,4604.4512,83.6035,115.3544,4577.9435
97.61,195.16,4622.8188,90.7171,120.3262,4555.5464
100.82,195.16,4621.1177,83.602,119.5044,4571.9525
86.97,195.16,4626.4434,93.7029,128.4252,4617.9357
90.02,195.16,4638.4272,94.8414,127.2261,4656.7705
135.77,195.16,4658.1602,92.8347,124.348,4642.0213
135.07,220.06,4645.1577,80.7513,138.7916,4627.003
106.65,220.06,4658.3232,85.5996,131.9517,4640.7728
106.41,220.06,4683.0933,82.6211,126.6645,4655.4192
126.85,220.06,4713.1299,85.8217,121.4575,4673.6473
124.34,220.06,4731.5557,85.7549,132.0969,4633.9472
124.34,220.06,4720.1445,89.3184,138.6015,4613.4086
124.8,220.06,4733.1592,87.1936,136.1426,4631.4637
124.8,220.06,4740.5884,72.358,122.5677,4607.5403
126.0,220.06,4716.5669,55.3765,113.1556,4583.6522
119.66,220.06,4730.5806,57.0337,115.0493,4603.427
124.35,220.06,4751.2842,49.776,122.3747,4579.1984
124.35,220.06,4756.6611,60.6898,135.1294,4513.7918
119.78,236.78,4773.2275,75.389,212.6467,4697.0482
119.78,236.78,4766.2954,92.5536,219.5036,4707.3063
123.36,236.78,4773.6406,128.0018,218.3887,4684.5978
188.49,236.78,4801.8608,133.0255,221.1792,4674.1309
188.49,236.78,4792.3428,143.8758,229.5931,4702.6583
177.64,236.78,4822.0996,126.1164,239.7717,4668.8151
177.64,236.78,4845.2778,136.8161,234.4162,4646.9872
174.78,236.78,4856.3994,192.5507,230.8236,4657.8216
178.01,236.78,4865.2231,164.9888,222.801,4636.9166
137.86,236.78,4871.9536,188.1558,254.6005,4589.6081
133.38,236.78,4882.9766,168.5336,264.6435,4629.9223
215.08,236.78,4903.2471,144.4948,253.1058,4673.7161
182.53,224.35,4883.4653,131.9843,252.636,4661.4383
198.58,224.35,4905.2222,108.3259,262.5751,4625.3207
182.03,224.35,4897.5464,41.1128,231.7972,4650.7764
130.03,224.35,4913.1025,58.5223,252.7553,4637.404
172.37,224.35,4915.6108,132.8223,253.9012,4691.6652
181.94,224.35,4951.3408,96.5128,275.4382,4660.0423
306.36,224.35,4973.8867,125.9511,238.4383,4682.1333
308.4,224.35,4929.9004,109.1796,253.5306,4662.2964
307.92,224.35,4946.4951,80.8606,225.7051,4633.5951
402.7,224.35,4929.1396,122.0542,225.8984,4651.3728
359.04,224.35,4942.1733,81.8339,226.4564,4677.4109
174.15,224.35,4931.9888,84.9993,270.8291,4638.7487
164.24,138.0,4913.5933,157.1138,264.8195,4665.3126
135.26,138.0,4926.8682,152.8572,225.3976,4699.9705
163.12,138.0,4934.415,149.1382,226.0457,4675.349
145.88,138.0,4914.9717,168.5084,225.7152,4713.7862
116.27,138.0,4891.1294,171.8808,218.8014,4723.1954
163.0,138.0,4930.5703,183.9329,223.0358,4772.6359
111.99,138.0,4887.0195,164.9355,226.6543,4796.5556
163.93,138.0,4903.5449,192.4624,236.8906,4822.2218
117.47,138.0,4880.7939,196.6284,239.239,4829.2314
103.99,138.0,4866.6182,177.0454,237.0048,4858.3103
125.45,138.0,4841.5439,180.1429,231.5035,4901.7942
129.86,138.0,4816.5757,185.5394,236.8077,4876.0801
87.54,98.0,4850.3901,147.073,211.1925,4764.2155
103.12,98.0,4822.8906,191.7727,201.6126,4782.5876
89.15,98.0,4785.2812,157.4288,199.9811,4745.212
103.19,98.0,4816.7041,144.4517,202.7467,4752.7892
388.9,98.0,4791.3022,164.2252,197.4908,4787.4404
91.41,98.0,4775.9033,144.2797,183.9592,4846.0736
110.95,98.0,4766.5283,136.8746,184.8399,4894.814
117.9,98.0,4748.9385,169.0884,168.3205,4832.3528
104.27,98.0,4726.4819,159.3246,152.4701,4858.6294
110.08,98.0,4725.3354,168.1354,170.2026,4813.5941
104.13,98.0,4708.3818,203.9235,183.062,4802.2286
103.03,98.0,4708.9165,220.5561,201.2952,4782.9653
87.15,87.28,4652.8721,235.9845,126.7836,4522.3835
87.17,87.28,4652.4229,168.5817,117.5403,4528.694
87.54,87.28,4646.6328,140.1176,112.8874,4578.7966
87.05,87.28,4668.6504,51.7389,68.2903,4599.7975
87.11,87.28,4664.6714,45.4708,34.8242,4594.5185
87.55,87.28,4608.7856,23.737,27.5754,4649.5403
134.89,87.28,4627.1514,34.5982,39.5182,4585.4821
108.59,87.28,4598.6094,63.2252,57.1755,4588.5809
86.25,87.28,4579.4746,137.8931,75.3002,4550.1039
86.16,87.28,4538.9546,131.3137,67.6402,4537.7611
86.07,87.28,4553.2119,110.9025,66.2638,4488.772
84.22,87.28,4549.9873,98.2495,46.6709,4441.6437
82.34,83.68,4492.6216,130.719,1.7947,4549.312
105.87,83.68,4424.0552,123.4845,-4.7334,4518.981
83.03,83.68,4425.3774,110.5949,-9.3177,4582.2158
83.03,83.68,4405.9414,106.2125,1.5211,4627.1894
82.24,83.68,4356.6333,77.5237,-9.5584,4589.0147
80.94,83.68,4340.8457,168.3052,5.5479,4582.8015
80.88,83.68,4309.3613,178.8789,-7.4943,4553.3483
79.9,83.68,4280.8525,135.6874,4.6323,4519.8784
82.12,83.68,4244.2979,147.0822,39.575,4452.4612
79.59,83.68,4206.5283,99.9889,35.1381,4422.1077
79.55,83.68,4190.0176,119.304,18.5321,4455.2817
79.35,83.68,4163.917,95.2435,-29.709,4502.2237
48.52,79.54,4121.5068,36.0297,-25.7088,4487.7076
47.36,79.54,4101.6001,28.498,21.416,4420.1142
42.85,79.54,4047.5149,63.8745,31.7683,4425.572
43.06,79.54,4013.4849,33.0662,58.7646,4466.5489
43.35,79.54,3979.9683,70.7803,54.2419,4497.4119
38.9,79.54,3940.6975,60.8094,68.6245,4291.0661
37.34,79.54,3898.8145,80.5136,60.6956,4355.3099
36.51,79.54,3888.1289,102.9021,61.6892,4289.9366
36.44,79.54,3829.1946,65.9746,59.7953,4282.878
36.64,79.54,3811.229,69.8274,67.8972,4181.2974
36.71,79.54,3811.5557,72.2632,79.3955,4186.2712
36.71,79.54,3788.1826,66.7313,71.5094,4248.841
38.18,61.53,3707.1758,94.3384,86.1834,4168.1363
40.61,61.53,3681.5459,76.7983,83.7513,4008.5206
37.44,61.53,3653.1025,70.7959,85.9053,3978.6428
38.0,61.53,3627.7207,64.547,82.0434,3990.5542
37.45,61.53,3598.1426,51.3582,82.1166,3859.5862
36.79,61.53,3567.3472,53.2778,85.9451,3814.8125
40.32,61.53,3565.9995,63.0814,89.9859,3779.1227
36.89,61.53,3545.6194,55.1992,87.9648,3766.4266
36.67,61.53,3486.5352,52.6349,86.4688,3700.8367
37.18,61.53,3475.5127,57.4753,84.0824,3689.0157
37.17,61.53,3456.3457,48.0558,84.6818,3690.4182
36.81,61.53,3418.9839,52.6176,80.4851,3672.9549
150.7,53.64,3404.9736,38.3231,81.7127,3615.3989
150.58,53.64,3393.0513,45.2071,79.4561,3606.5978
124.44,53.64,3362.0229,37.35,81.049,3533.1482
54.19,53.64,3332.9741,53.8503,80.2983,3520.889
53.82,53.64,3300.2656,18.6018,72.9226,3485.183
51.95,53.64,3297.5298,19.6317,65.2252,3455.5508
53.58,53.64,3276.8018,37.787,65.9097,3405.4365
35.63,53.64,3224.7056,15.5511,63.3321,3421.817
35.68,53.64,3218.218,18.6693,68.042,3331.5153
35.64,53.64,3206.1182,29.5264,68.5805,3317.2095
35.46,53.64,3194.791,22.2052,70.0165,3330.6945
35.41,53.64,3166.812,31.4747,67.194,3368.8594
36.53,47.1,3192.6855,30.4946,41.2085,3226.6785
35.54,47.1,3171.3076,24.2364,40.3778,3188.1609
35.48,47.1,3147.4248,29.143,41.7776,3154.571
31.73,47.1,3135.5474,36.9902,39.8212,3134.7887
31.31,47.1,3122.6973,9.1971,39.2474,3137.9757
29.56,47.1,3074.4795,26.5486,37.7411,3111.0164
28.56,47.1,3084.8955,33.4883,37.3759,3124.9284
28.08,47.1,3060.2183,5.1239,34.6033,3147.6169
27.01,47.1,3049.2358,29.0226,35.402,3088.4374
27.34,47.1,3016.6387,26.0473,30.8958,3068.6478
28.08,47.1,3032.8926,12.114,33.3911,3038.7765
28.14,47.1,3002.73,13.5529,38.2126,3003.311
28.46,43.31,2992.3823,58.0004,35.2336,2999.0109
28.54,43.31,2983.1738,69.8951,30.8576,3026.9788
27.45,43.31,2966.3767,106.8387,30.5989,3038.5679
30.8,43.31,2948.9202,78.4631,30.5555,3013.0887
28.09,43.31,2964.3594,61.131,33.9325,2962.0439
27.19,43.31,2984.3464,42.7203,44.7088,2939.2466
28.06,43.31,2948.9141,52.1322,46.4437,2939.4903
30.76,43.31,2938.9172,53.8839,47.6843,2896.4359
29.41,43.31,2931.7666,24.8123,41.7981,2889.9154
28.06,43.31,2908.9648,-10.7374,43.3402,2885.92
27.01,43.31,2885.5991,25.1866,42.498,2897.8459
25.59,43.31,2882.3013,29.0777,40.2314,2887.2326
28.44,44.38,2858.0591,2.754,37.462,2935.9153
26.96,44.38,2892.4397,2.5227,47.4099,2911.3549
26.94,44.38,2860.5542,7.7897,45.1563,2913.5834
26.96,44.38,2857.6294,-7.5799,47.2972,2927.3918
25.49,44.38,2855.4771,11.5976,44.8271,2923.9996
25.19,44.38,2849.9021,10.3154,42.9709,2860.1591
25.14,44.38,2830.5005,20.2402,45.2443,2876.2583
25.18,44.38,2840.5903,11.8659,40.896,2881.0437
25.28,44.38,2803.1575,14.966,42.0161,2861.9974
25.26,44.38,2806.0474,21.3299,42.2968,2838.1667
24.93,44.38,2794.1035,16.6728,42.9688,2860.6809
25.19,44.38,2806.916,13.7856,38.8008,2871.2996
23.49,45.34,2788.0884,20.0814,35.8154,2868.3111
23.88,45.34,2781.9883,22.8839,34.468,2864.5396
23.85,45.34,2785.0391,23.975,34.7137,2847.6319
23.83,45.34,2774.1606,29.8745,33.6847,2839.6439
23.81,45.34,2778.3818,25.0786,37.0916,2862.8278
23.81,45.34,2770.8528,26.1746,34.4201,2937.767
23.45,45.34,2754.6797,29.4021,33.1972,2905.3538
23.17,45.34,2750.4175,23.7337,34.5786,2879.9514
23.17,45.34,2765.5872,17.1021,35.4745,2877.2168
23.19,45.34,2773.105,18.0477,33.3478,2853.4318
22.43,45.34,2737.1602,19.842,33.6264,2816.2356
21.86,45.34,2753.8784,18.625,36.0712,2803.626
21.88,45.99,2738.6028,25.2708,40.4274,2759.2627
23.56,45.99,2765.4434,26.0143,42.1729,2803.1183
23.79,45.99,2785.7217,24.4124,43.7428,2773.9861
24.57,45.99,2796.595,24.5781,44.3155,2769.8374
25.61,45.99,2791.6685,21.9491,42.799,2784.3478
27.45,45.99,2803.4189,20.7246,43.2831,2766.984
25.61,45.99,2795.6621,22.5939,42.2051,2757.252
25.03,45.99,2782.1831,21.1477,42.903,2764.4217
25.08,45.99,2795.6289,23.201,44.8004,2696.521
25.0,45.99,2782.603,25.0628,49.7835,2663.2532
23.99,45.99,2786.7842,25.0871,49.0684,2673.9397
25.05,45.99,2770.8257,24.3848,47.3002,2702.1035
21.66,50.78,2785.6313,23.8233,49.0422,2708.0587
23.1,50.78,2768.0273,19.9215,50.2293,2675.0806
27.13,50.78,2780.2803,19.5624,50.2124,2687.9613
26.99,50.78,2838.272,21.8092,50.5676,2673.5179
29.08,50.78,2815.8672,22.8193,52.1578,2682.0525
36.23,50.78,2840.6035,23.6744,49.6826,2700.0983
25.47,50.78,2845.6313,23.8008,49.1284,2673.9824
28.01,50.78,2869.9146,23.3348,48.2132,2668.1836
28.09,50.78,2885.1064,23.6876,50.7867,2699.092
24.96,50.78,2911.4629,23.8085,47.9697,2745.4568
24.94,50.78,2913.8604,22.5324,49.4027,2701.3826
25.47,50.78,2918.6709,22.1471,47.3422,2721.088
23.62,65.85,2929.2485,19.8967,47.977,2701.6995
25.52,65.85,2946.9229,24.1997,45.5808,2763.1132
25.46,65.85,3010.9458,24.0526,46.6716,2812.3801
26.83,65.85,3028.7861,25.2886,45.4754,2838.0288
32.67,65.85,3067.821,24.816,45.9028,2832.5763
38.16,65.85,3059.6914,25.8046,45.5172,2845.6493
35.32,65.85,3105.7209,23.7272,45.346,2843.8901
35.78,65.85,3105.4045,25.4543,43.312,2822.7919
35.78,65.85,3147.6494,22.5578,44.4687,2837.1181
38.18,65.85,3164.3708,25.4077,45.1545,2819.156
36.4,65.85,3169.6697,24.7546,44.3762,2814.5706
38.39,65.85,3168.749,23.8335,45.0388,2785.4977
30.68,72.7,3239.0427,23.8838,50.8905,2804.9109
27.27,72.7,3236.698,23.8137,49.6347,2783.1012
30.68,72.7,3291.8708,24.3184,50.3119,2782.869
33.74,72.7,3295.5481,26.9308,53.3233,2880.1096
33.87,72.7,3358.0635,28.8119,53.5727,2873.499
34.54,72.7,3362.9014,32.2333,52.4556,2917.3205
34.05,72.7,3387.1177,30.3399,56.1337,2916.4023
35.32,72.7,3408.1377,32.4419,55.1303,2960.1611
35.36,72.7,3428.5352,33.0541,59.1261,2978.9694
33.92,72.7,3452.4033,33.0102,59.8202,3054.2189
33.4,72.7,3485.1519,32.9119,58.9865,3046.7555
31.77,72.7,3473.9565,32.3898,58.0085,3064.7122
27.4,125.04,3492.2339,26.445,73.5362,3108.7469
27.68,125.04,3514.4849,28.3416,74.5782,3110.5285
27.57,125.04,3566.3704,32.6065,73.1283,3227.8035
27.65,125.04,3580.3687,35.3782,74.3656,3260.6012
28.75,125.04,3597.6846,38.2586,75.4668,3320.917
31.88,125.04,3634.5229,38.7412,74.5934,3303.2436
32.99,125.04,3641.1157,38.6952,73.1181,3346.854
32.99,125.04,3630.9126,40.1575,72.9563,3348.6342
33.09,125.04,3636.9463,40.2504,73.3812,3374.1583
47.51,125.04,3662.4153,41.8376,77.2885,3392.0244
35.47,125.04,3683.2939,46.1306,78.5844,3391.5836
47.51,125.04,3714.2627,43.6318,75.8471,3384.9898
65.12,137.23,3729.3257,35.9191,83.3968,3442.5319
64.06,137.23,3731.7974,33.8372,76.4937,3476.4882
96.61,137.23,3721.9854,33.2903,80.9785,3529.6579
70.27,137.23,3759.6191,34.1002,78.349,3535.7125
64.91,137.23,3794.0295,32.9595,75.4424,3628.6446
62.83,137.23,3787.6519,34.6751,75.0908,3650.4954
64.94,137.23,3843.2402,32.4475,75.3934,3649.7188
65.08,137.23,3844.4458,33.4837,78.8934,3681.1823
69.51,137.23,3833.635,35.7065,76.2438,3684.1232
72.42,137.23,3889.876,34.999,71.4572,3721.3274
70.97,137.23,3870.6829,34.4589,76.8406,3745.2062
70.98,137.23,3881.5854,31.5609,71.8731,3720.0499
71.7,141.11,3916.7969,30.9325,134.0407,3822.6469
71.68,141.11,3942.2925,31.3529,133.5349,3843.3013
65.14,141.11,3985.4243,39.2883,136.8763,3887.291
71.33,141.11,4011.7266,49.5106,136.9291,3864.2232
124.08,141.11,4043.9575,55.097,138.7142,3867.9577
124.21,141.11,4045.0107,51.6946,150.9936,3876.9242
124.9,141.11,4086.8516,50.203,146.3061,3884.2236
124.85,141.11,4103.1963,57.5382,148.6044,3805.8402
124.86,141.11,4145.0479,46.5594,138.4485,3791.22
126.15,141.11,4201.9927,58.2663,148.9674,3800.0812
126.3,141.11,4201.7148,62.8994,144.8182,3853.327
136.45,141.11,4236.252,64.346,150.0056,3893.0473
129.0,154.02,4264.2314,49.4834,159.0665,3850.8069
133.15,154.02,4241.6914,62.696,166.1387,3825.8534
133.18,154.02,4269.9932,61.3401,155.2796,3744.4347
133.78,154.02,4283.8174,69.7474,152.8352,3730.9591
130.69,154.02,4310.2983,68.3816,163.5155,3803.6978
133.84,154.02,4336.8286,74.079,169.2949,3771.3068
134.22,154.02,4337.7603,74.7387,181.6006,3837.5765
132.33,154.02,4366.7725,63.9653,177.1321,3857.6173
134.36,154.02,4368.2256,79.9874,161.5409,3824.9186
134.28,154.02,4395.1367,78.6517,153.5882,3968.8277
134.26,154.02,4386.0288,59.8542,144.9689,3931.2861
135.89,154.02,4388.9932,60.926,162.2487,3847.4532
132.62,239.13,4404.1035,80.8842,148.4778,3897.3929
133.12,239.13,4443.4727,80.894,137.5374,3959.4289
215.34,239.13,4430.1841,97.6778,138.6388,4037.893
134.31,239.13,4459.5972,81.049,136.7031,4054.1488
216.72,239.13,4489.3643,99.3592,135.9359,4126.4441
216.39,239.13,4504.3735,119.4975,124.5805,4152.7702
136.33,239.13,4525.7871,107.9466,111.7324,4223.5688
136.5,239.13,4519.3872,118.1043,118.4566,4245.4752
136.42,239.13,4540.7095,126.0537,125.6232,4238.629
136.42,239.13,4576.1455,122.3543,138.2395,4319.6639
138.12,239.13,4594.5381,138.6021,137.7055,4339.165
136.7,239.13,4589.02,142.0043,143.0507,4338.8492
138.22,275.61,4607.4727,127.1361,148.8073,4417.8572
140.56,275.61,4609.9995,122.3449,130.3782,4361.3933
138.16,275.61,4635.2822,117.2887,125.666,4365.2476
139.77,275.61,4655.2173,109.1095,133.2102,4334.5116
139.42,275.61,4675.6953,128.6551,140.2183,4349.4696
154.41,275.61,4662.2852,126.1813,139.5045,4383.0414
138.85,275.61,4738.4004,124.7099,143.6839,4380.3485
138.84,275.61,4741.4341,135.6389,136.739,4453.9334
138.94,275.61,4719.9023,124.9328,137.2561,4434.5219
144.81,275.61,4745.665,122.2545,129.8016,4471.0409
134.47,275.61,4762.2534,119.9267,126.1817,4458.6249
134.32,275.61,4766.8369,128.1643,134.2357,4440.8241
149.18,251.73,4777.5645,130.6829,271.37,4635.3472
144.83,251.73,4762.0967,142.6535,296.9453,4664.3774
218.68,251.73,4793.4414,176.7899,300.7572,4628.8654
156.26,251.73,4812.5967,196.0035,277.0622,4615.5424
143.34,251.73,4835.9839,206.5688,266.8223,4684.2292
156.19,251.73,4819.4189,212.188,290.6615,4686.1425
142.31,251.73,4834.0312,198.5343,279.3996,4731.3136
142.27,251.73,4832.3618,202.3864,312.9055,4659.8675
140.61,251.73,4832.4868,182.1966,322.6024,4644.8697
195.18,251.73,4867.4712,180.3837,341.1988,4685.5337
146.23,251.73,4842.0205,184.6757,304.479,4784.5916
146.25,251.73,4889.543,176.4616,288.877,4787.1511
188.59,294.0,4884.394,127.3895,244.351,4693.3224
141.87,294.0,4910.9053,113.7913,253.7977,4667.8686
223.3,294.0,4825.0293,111.8685,245.8584,4635.393
163.41,294.0,4838.9248,118.5019,280.3648,4564.0113
143.98,294.0,4841.5117,136.1913,300.2475,4635.9024
141.55,294.0,4829.4502,137.0094,277.3568,4615.7778
141.86,294.0,4871.2383,127.1581,272.0083,4685.345
141.92,294.0,4868.6895,128.6023,256.6455,4754.9786
140.89,294.0,4890.2051,134.9648,240.1975,4687.7429
163.54,294.0,4885.8379,124.9145,237.0313,4728.2145
163.5,294.0,4907.9521,112.9012,248.3152,4762.8575
163.5,294.0,4904.8252,126.7416,296.3726,4691.2852
162.45,246.76,4913.0342,163.546,278.0461,4685.9321
143.84,246.76,4921.3423,177.7976,232.6027,4723.7812
141.9,246.76,4916.6216,172.8263,216.0197,4760.133
146.3,246.76,4924.9575,155.8272,213.5519,4791.4536
143.07,246.76,4948.9229,160.5138,213.7516,4819.0313
148.46,246.76,4947.3789,163.9481,205.867,4853.2036
215.45,246.76,4947.6108,143.7837,222.181,4795.3516
162.37,246.76,4963.2612,142.5897,228.826,4820.2081
162.31,246.76,4959.6904,152.6315,235.503,4787.8746
209.09,246.76,4971.2031,140.3269,230.7535,4856.8955
145.53,246.76,4962.0479,152.0712,189.0696,4863.3405
184.88,246.76,4981.7603,133.3465,198.9396,4876.8109
186.13,225.0,4964.127,130.9892,192.0153,4879.389
194.84,225.0,4960.7559,139.5594,226.3122,4870.0553
161.63,225.0,4936.2207,142.2042,211.0258,4764.186
161.56,225.0,4931.334,146.3075,230.0008,4697.9163
161.49,225.0,4929.0176,144.6932,239.1918,4696.8884
142.37,225.0,4918.6523,141.2366,255.2775,4625.8595
349.08,225.0,4907.3721,150.5442,277.5293,4692.3595
160.18,225.0,4912.3716,164.3781,277.233,4708.333
326.46,225.0,4897.3203,146.9584,264.6649,4741.3879
145.41,225.0,4899.5342,143.1473,281.3902,4754.3161
307.29,225.0,4876.2314,151.4597,251.2386,4823.7583
118.67,225.0,4868.9897,142.842,254.1884,4820.9604
251.7,151.68,4864.561,167.1669,251.9101,4835.9422
307.33,151.68,4829.7954,148.4642,305.59,4782.4369
307.19,151.68,4816.8086,170.1873,302.8457,4789.2443
154.68,151.68,4796.6465,155.8902,301.138,4813.3273
154.62,151.68,4758.6455,162.1071,292.5324,4840.8144
156.75,151.68,4755.2729,150.308,245.9723,4910.7131
151.91,151.68,4747.2734,153.3502,233.9903,4885.7956
142.75,151.68,4719.4521,143.9167,208.3172,4936.2775
142.76,151.68,4700.5693,143.1881,223.3921,4883.5666
142.72,151.68,4692.1216,162.8352,222.9309,4879.5575
153.42,151.68,4671.979,163.3922,245.8989,4837.7655
150.9,151.68,4672.4907,165.6949,253.7281,4835.9157
137.72,138.47,4657.918,179.3434,222.9063,4820.6378
104.68,138.47,4621.9209,185.4238,187.9576,4797.2476
139.12,138.47,4598.9385,119.7992,147.4583,4793.4864
137.81,138.47,4570.4517,133.1612,162.9767,4721.5832
137.91,138.47,4551.2754,117.6733,166.4064,4737.6978
137.36,138.47,4530.9834,122.6506,187.3634,4696.1869
137.35,138.47,4552.0342,131.0929,196.6597,4675.4288
137.17,138.47,4528.9395,162.3378,187.1186,4666.9252
130.73,138.47,4493.6377,173.1451,191.1052,4671.0166
130.64,138.47,4476.4619,196.2715,187.338,4664.287
131.11,138.47,4466.1333,160.0678,198.722,4601.5209
130.78,138.47,4421.5063,183.6741,224.5794,4578.3115
138.1,124.95,4412.9287,190.3698,132.8076,4430.1102
85.5,124.95,4417.7197,152.9123,126.4156,4388.5258
80.38,124.95,4357.8486,190.5607,96.6985,4393.819
83.42,124.95,4346.3965,126.8952,105.4878,4400.1791
80.39,124.95,4321.7178,182.7801,75.4461,4357.101
78.92,124.95,4301.6211,93.9201,106.138,4293.0868
78.91,124.95,4288.334,136.5505,82.1669,4306.6789
60.72,124.95,4235.666,101.4733,115.5112,4266.858
60.91,124.95,4238.6592,172.9163,82.069,4291.771
60.45,124.95,4235.6289,88.6383,90.7676,4260.4783
61.9,124.95,4194.7559,108.6183,50.7742,4278.7248
80.37,124.95,4175.7256,108.8838,83.348,4241.6084
61.83,96.71,4123.0322,158.82,65.0106,4300.2659
59.07,96.71,4124.9697,127.8104,72.6708,4268.892
59.81,96.71,4065.4749,163.5578,68.5301,4317.7709
59.8,96.71,4016.3186,134.8256,75.275,4309.3649
58.34,96.71,4008.2905,154.1712,62.1787,4239.83
40.36,96.71,3989.4458,144.348,69.6415,4218.3995
40.35,96.71,3973.9595,149.423,75.658,4285.8768
40.31,96.71,3946.594,142.8986,75.5436,4256.8021
40.31,96.71,3933.6284,115.928,79.75,4191.3341
40.38,96.71,3871.0251,112.9973,82.2169,4156.5256
71.54,96.71,3853.3989,128.4096,76.1049,4160.1681
72.25,96.71,3838.1626,112.5054,47.1698,4148.2589
61.74,53.96,3817.9792,91.1471,72.5504,4099.4753
60.18,53.96,3771.1553,70.1388,103.5318,4066.5879
55.54,53.96,3772.5286,70.3989,111.3087,4012.8378
48.97,53.96,3735.2854,73.2391,117.0904,3983.7483
46.58,53.96,3713.9824,44.3956,107.5653,3947.6287
46.27,53.96,3709.0344,47.5439,99.8071,3913.4355
157.05,53.96,3675.6106,50.6907,98.2189,3917.3052
84.41,53.96,3652.9395,29.5135,99.9126,3840.2735
46.51,53.96,3620.7285,31.2693,103.8458,3841.093
40.52,53.96,3574.1804,43.5615,119.446,3850.197
40.05,53.96,3574.6357,44.5895,122.8655,3761.4316
50.11,53.96,3517.6013,50.8036,120.5035,3790.4352
50.11,43.0,3520.1479,58.2667,78.3971,3703.5105
43.77,43.0,3500.45,50.515,70.1164,3711.7841
38.02,43.0,3485.3228,48.0616,63.5054,3674.8159
37.99,43.0,3462.4451,40.5825,61.8214,3619.2089
43.16,43.0,3430.3208,43.2891,67.8313,3587.5397
41.72,43.0,3435.3423,45.1036,72.5442,3573.9759
44.42,43.0,3411.2263,48.3317,70.3941,3584.6412
49.73,43.0,3381.4829,35.63,62.7715,3583.386
49.33,43.0,3359.6816,33.5539,53.8545,3596.2923
43.45,43.0,3348.8936,26.5523,47.2086,3524.9221
38.56,43.0,3326.4236,30.9525,51.1633,3474.3209
40.52,43.0,3306.7368,21.238,55.7696,3460.8369
43.39,39.1,3285.4094,68.4927,15.913,3385.4952
40.57,39.1,3265.5938,64.3395,12.0611,3344.1833
38.97,39.1,3255.519,51.7401,13.0162,3369.669
43.3,39.1,3229.417,40.0124,17.1823,3367.9376
43.3,39.1,3233.1689,33.1085,4.6635,3356.0798
43.26,39.1,3214.2849,14.4321,-2.2505,3376.6586
40.57,39.1,3209.5034,49.6639,-0.2032,3325.3599
38.38,39.1,3158.7305,20.112,-10.0979,3312.9213
37.84,39.1,3157.4487,47.8451,5.0585,3267.1795
37.94,39.1,3187.6138,39.6575,5.6379,3198.4054
36.37,39.1,3178.4683,31.1062,20.4069,3161.4242
35.85,39.1,3128.7656,27.7517,23.5904,3105.4022
124.1,36.86,3099.7661,52.8937,17.0976,3127.8571
84.32,36.86,3082.3418,25.151,14.4537,3167.3946
35.38,36.86,3071.677,20.8172,-5.8482,3221.5766
35.24,36.86,3073.7969,16.0432,4.1447,3223.1827
35.26,36.86,3048.3154,21.8512,6.0512,3155.8005
35.18,36.86,3045.9536,16.2145,30.1255,3121.2405
35.25,36.86,3052.8379,47.4666,27.3816,3153.815
35.22,36.86,3036.543,38.5984,30.2156,3095.0027
35.25,36.86,3051.54,28.7252,34.547,3086.5445
35.4,36.86,3007.085,37.0135,27.2306,3078.5889
35.27,36.86,2988.8975,37.1759,26.6654,3065.6612
34.86,36.86,2987.9451,48.8098,9.621,3111.6001
33.98,36.35,2980.5703,22.6062,18.7033,3086.6574
29.99,36.35,2948.6592,21.3849,32.9166,3050.9995
30.04,36.35,2962.6189,38.3264,39.298,3051.6888
26.46,36.35,2944.1138,37.3746,36.4823,3021.9192
23.6,36.35,2935.8853,32.9098,39.93,3037.9578
25.49,36.35,2944.957,47.0961,39.4164,2991.7333
25.68,36.35,2909.7251,37.497,36.281,3012.1745
25.73,36.35,2921.6602,39.2763,34.645,2953.6446
25.7,36.35,2894.2603,31.1222,33.5052,2953.0705
22.98,36.35,2901.3286,22.9523,35.5456,3046.0199
29.73,36.35,2875.8633,32.7398,38.7305,3044.503
29.65,36.35,2877.386,23.3671,32.7999,3015.6267
22.94,39.29,2863.4331,50.6957,38.8348,2921.4001
23.02,39.29,2852.1255,50.8706,33.0515,2892.7886
22.95,39.29,2838.0576,57.4026,29.7757,2917.4167
22.93,39.29,2840.3486,49.8947,33.5558,2934.6933
24.99,39.29,2838.468,24.0922,40.7653,2874.95
24.66,39.29,2821.9409,38.0743,43.061,2878.2792
24.65,39.29,2817.2231,46.7522,40.7313,2911.3268
22.94,39.29,2799.8569,17.986,35.4351,2919.826
22.9,39.29,2811.709,17.9172,33.3591,2973.9541
23.56,39.29,2795.7666,19.8139,31.7169,2905.2854
24.64,39.29,2799.489,16.076,31.2991,2878.7387
24.61,39.29,2783.0576,7.0453,35.8219,2824.8868
25.25,38.76,2794.4431,25.1621,36.7677,2843.3392
25.66,38.76,2775.8862,46.4894,35.8169,2814.5511
25.33,38.76,2788.071,29.6079,35.9059,2835.3577
25.37,38.76,2788.9661,16.3208,36.5278,2832.6916
24.61,38.76,2791.2114,29.8607,35.6922,2830.3211
22.94,38.76,2770.689,14.1376,31.8158,2895.0745
24.63,38.76,2761.9546,21.4858,32.3055,2837.1386
24.94,38.76,2773.9233,0.7017,33.6224,2833.5391
22.86,38.76,2762.7495,8.9043,35.5291,2750.5783
22.86,38.76,2759.417,39.0716,34.6725,2792.8436
22.9,38.76,2748.1802,24.4909,33.866,2768.6548
22.88,38.76,2761.2302,24.1192,32.2511,2784.4444
22.75,40.46,2741.0627,17.8932,37.5096,2772.0199
30.44,40.46,2768.7158,21.853,36.7882,2765.5164
30.37,40.46,2748.2688,23.3564,38.4843,2734.7518
22.89,40.46,2780.7188,25.8769,38.8846,2741.5823
22.9,40.46,2763.2805,19.6174,37.0926,2759.5646
22.88,40.46,2764.2996,25.6196,38.9362,2728.3955
22.87,40.46,2765.6768,27.679,38.7777,2736.2539
22.88,40.46,2750.6167,20.1057,39.5758,2692.2173
22.87,40.46,2771.9873,24.5809,38.8498,2737.5665
22.9,40.46,2788.3086,19.7136,39.8073,2722.0778
22.92,40.46,2815.6396,22.2799,40.8271,2734.7456
26.24,40.46,2795.7432,23.7456,40.6663,2734.7653
22.96,40.66,2832.0405,23.7588,40.8288,2728.8693
28.6,40.66,2814.853,20.1395,40.1454,2718.7968
25.47,40.66,2867.7207,22.1666,41.1032,2715.0781
25.46,40.66,2903.1426,22.6311,41.0598,2740.4536
22.85,40.66,2907.7109,22.5789,41.4974,2746.7236
25.49,40.66,2916.9697,20.4607,39.2201,2735.3931
25.54,40.66,2932.6597,18.9651,39.8214,2708.5926
25.58,40.66,2934.9531,20.2165,38.9467,2732.516
25.61,40.66,2958.8867,21.361,40.2652,2723.5536
25.58,40.66,2985.3728,20.2136,39.3251,2726.9137
25.56,40.66,3004.1101,18.2452,39.5735,2708.8968
27.55,40.66,2997.6042,20.7675,39.6246,2726.6039
21.8,61.15,3027.7412,19.4965,40.8964,2717.7008
25.58,61.15,3039.1353,22.1356,40.9557,2745.8711
25.61,61.15,3071.7832,24.4819,41.3067,2737.8012
25.58,61.15,3079.2173,26.1029,41.2177,2788.384
25.6,61.15,3123.9517,24.3278,41.6884,2774.0637
25.63,61.15,3112.791,23.7407,43.4321,2737.9501
25.61,61.15,3145.8696,22.6392,43.521,2756.6691
25.65,61.15,3172.2698,24.8074,43.0038,2730.6821
27.79,61.15,3168.4846,24.3509,42.7751,2753.4368
28.0,61.15,3180.8379,23.4506,42.5014,2797.007
27.89,61.15,3185.8713,24.6595,42.1781,2863.785
28.18,61.15,3216.6152,26.589,42.6816,2860.3878
22.07,51.68,3242.3826,25.3898,43.1097,2885.1322
25.36,51.68,3256.0596,24.4965,43.1933,2871.1528
26.04,51.68,3286.0332,26.9567,42.6322,2929.2703
25.54,51.68,3308.8486,26.5602,42.9768,3033.0636
25.54,51.68,3349.7109,27.8831,42.1794,3044.3098
27.49,51.68,3369.8577,28.0244,40.5306,3057.4841
26.53,51.68,3378.6653,26.536,41.8524,3067.7428
27.83,51.68,3404.3164,26.5855,33.9056,3095.9398
29.58,51.68,3420.0725,26.8475,34.0076,3117.9711
30.14,51.68,3454.8276,27.1726,26.7574,3184.1403
27.91,51.68,3475.0269,26.4451,37.7152,3180.2576
27.93,51.68,3493.8413,28.0149,30.8024,3177.6346
33.88,54.67,3490.3901,25.7974,64.5805,3232.9746
49.6,54.67,3452.6838,26.6513,59.382,3261.5399
49.05,54.67,3505.5332,29.5663,62.8866,3277.8993
27.44,54.67,3540.48,31.2529,57.9566,3309.5977
27.42,54.67,3540.0547,33.3421,60.9352,3346.1681
30.0,54.67,3586.0586,32.6904,63.7919,3329.4729
39.11,54.67,3620.1484,30.5974,65.36,3367.3436
37.91,54.67,3611.2373,32.5393,72.6521,3400.3291
43.02,54.67,3651.0269,31.4355,70.9236,3380.7342
46.32,54.67,3669.1064,36.0684,70.8207,3381.7732
46.09,54.67,3692.521,35.0364,69.9259,3382.4997
49.18,54.67,3653.8506,34.0731,64.0157,3425.9029
44.11,58.19,3700.5098,25.8318,62.6094,3408.5288
46.14,58.19,3701.249,28.7117,67.7829,3408.9653
44.15,58.19,3736.0596,24.8574,71.3154,3417.7065
43.05,58.19,3738.9963,27.7998,65.3961,3445.516
43.03,58.19,3794.396,24.0003,56.2765,3533.9041
43.05,58.19,3779.5371,27.3247,48.3328,3567.4854
51.67,58.19,3809.4077,24.3299,48.9341,3562.7075
48.02,58.19,3830.0535,24.8487,46.2052,3583.6019
35.19,58.19,3818.2798,30.1435,51.7559,3606.1609
35.06,58.19,3852.6372,27.9105,45.8419,3655.8128
35.06,58.19,3879.0417,26.186,39.7721,3688.8094
37.67,58.19,3881.8296,26.0432,50.7959,3693.1388
37.26,90.09,3890.9734,32.9067,42.2195,3689.0096
42.97,90.09,3908.6396,34.7183,23.8901,3610.5494
40.04,90.09,3906.2461,43.6042,19.8222,3666.5081
39.96,90.09,3931.1675,37.5689,26.8403,3723.2301
40.08,90.09,3986.6001,45.5679,35.1481,3696.5766
40.39,90.09,3992.1143,39.9195,57.2461,3747.7829
40.35,90.09,4019.8831,40.0236,60.0307,3806.0826
40.8,90.09,4044.0403,50.5114,48.0117,3801.8896
41.77,90.09,4054.3477,44.5138,40.662,3849.9965
47.63,90.09,4092.146,35.4243,34.6579,3878.0012
47.63,90.09,4086.8159,42.8855,35.3828,3905.9072
40.83,90.09,4126.2178,45.7428,43.503,3813.5176
40.83,105.34,4134.5791,41.0694,57.5249,3829.4021
39.82,105.34,4160.4238,42.6215,70.7597,3814.3086
40.96,105.34,4173.1465,47.5304,69.1384,3853.8671
41.62,105.34,4187.9966,43.3539,70.9465,3849.3935
47.37,105.34,4213.2275,46.6303,62.1061,3931.3826
46.39,105.34,4244.4375,37.9811,46.0016,3946.8746
44.88,105.34,4280.6533,42.0255,52.8517,3937.1238
45.49,105.34,4278.4312,42.1021,53.5192,3970.7093
44.2,105.34,4304.2861,40.3321,63.4025,3920.9593
53.96,105.34,4329.8589,48.6809,72.8682,3943.1776
48.15,105.34,4311.6562,41.7196,83.687,3976.4865
51.93,105.34,4341.7832,41.6636,63.1268,4010.1126
47.4,123.0,4350.9199,41.5967,97.2861,4082.8079
49.31,123.0,4381.4707,37.1118,91.6744,4132.9092
49.65,123.0,4381.4106,40.7497,94.869,4096.9281
42.97,123.0,4405.2622,46.3024,93.5742,4096.5938
42.98,123.0,4419.1118,48.6782,104.996,4172.2795
42.96,123.0,4433.6602,55.4447,123.1323,4157.5606
42.96,123.0,4437.5317,55.7288,112.7678,4192.3451
40.17,123.0,4434.0654,59.1807,118.3793,4224.7197
38.66,123.0,4425.1479,52.6933,108.3257,4238.7258
39.47,123.0,4413.0444,55.6132,108.6504,4284.4307
42.9,123.0,4406.8438,56.3281,94.0551,4316.2259
42.65,123.0,4437.0322,54.7634,96.0843,4362.5352
28.1,158.48,4436.7798,41.1983,116.9972,4364.4102
31.16,158.48,4438.4102,44.6927,126.6541,4355.9741
33.77,158.48,4424.123,44.0181,125.7356,4324.4251
34.17,158.48,4446.7153,46.9879,123.2664,4317.5817
33.85,158.48,4462.3623,47.7411,120.2558,4358.2194
34.09,158.48,4469.5176,46.6496,110.6155,4394.5183
33.82,158.48,4458.6289,42.1084,106.9523,4451.8462
33.82,158.48,4508.834,42.4116,108.6707,4448.3814
42.13,158.48,4475.6729,44.2782,110.6433,4447.4921
42.13,158.48,4480.1655,44.366,118.8249,4482.7503
45.92,158.48,4490.3027,44.7636,115.7106,4455.9609
45.84,158.48,4521.0669,45.3675,120.703,4443.5811
46.97,101.24,4534.0161,43.4833,128.0905,4479.3776
44.13,101.24,4542.5786,46.7925,119.4753,4531.06
52.13,101.24,4562.6152,46.4278,122.2786,4514.1122
100.53,101.24,4575.9854,44.0811,125.8621,4502.4346
82.22,101.24,4598.875,45.5753,128.8029,4490.2406
82.2,101.24,4602.6523,43.4592,129.4652,4522.2903
85.63,101.24,4628.1357,38.4296,129.1495,4495.5121
98.47,101.24,4621.3252,40.4602,124.2775,4495.7642
98.47,101.24,4611.627,31.7213,122.419,4447.6152
94.44,101.24,4612.9316,36.1166,124.196,4383.4819
91.27,101.24,4636.8779,34.2816,122.2122,4371.7256
100.59,101.24,4638.6572,36.1453,129.2388,4397.6334
42.93,98.59,4659.9883,30.9106,163.6964,4476.8159
42.95,98.59,4662.9531,32.4156,171.2206,4455.1367
46.22,98.59,4670.4902,32.2079,167.0277,4408.1971
97.46,98.59,4682.0239,34.4865,177.0995,4402.0114
51.84,98.59,4685.8032,44.8809,177.6545,4443.6359
119.08,98.59,4699.2422,46.6588,189.4645,4453.9942
88.05,98.59,4713.8574,46.4561,182.5789,4442.8096
92.83,98.59,4708.6016,53.0497,190.6969,4500.7706
88.08,98.59,4722.5449,51.0984,185.4952,4467.3732
121.38,98.59,4716.7568,70.9878,182.3995,4462.4881
107.95,98.59,4740.9883,57.967,168.3214,4500.2872
103.15,98.59,4745.0088,62.5883,168.5377,4532.6786
107.37,81.58,4753.4443,50.9761,84.0783,4377.471
154.97,81.58,4740.3071,64.5882,81.2765,4372.3363
154.97,81.58,4739.4199,40.1113,69.4012,4385.9217
82.23,81.58,4768.832,57.4093,79.1848,4373.0623
82.23,81.58,4765.4863,52.1261,56.5641,4437.2206
84.31,81.58,4787.3633,55.6475,21.8095,4454.2203
82.22,81.58,4755.5708,57.2979,28.2337,4434.3846
85.89,81.58,4739.3901,49.8467,28.6403,4448.8694
86.09,81.58,4734.96,73.9188,38.3689,4395.7051
103.27,81.58,4716.0854,58.9034,32.6422,4399.9487
103.21,81.58,4701.5879,49.0459,36.1085,4408.71
95.26,81.58,4705.9604,58.1171,64.0581,4424.7477
103.58,61.37,4668.9263,80.5003,36.0095,4468.2041
83.0,61.37,4667.5386,64.1406,9.9212,4585.5467
82.71,61.37,4646.1812,70.6197,35.0166,4594.6744
85.21,61.37,4620.2534,46.8727,26.9537,4644.5637
83.43,61.37,4648.4912,62.4986,19.7295,4641.5148
73.59,61.37,4582.8003,80.0286,13.3227,4691.7432
75.79,61.37,4588.0933,82.152,23.5648,4691.3818
121.62,61.37,4546.3857,94.6582,31.8037,4709.467
75.2,61.37,4516.6133,87.4676,52.1015,4699.4881
33.23,61.37,4499.9927,96.4691,62.6842,4650.3818
31.21,61.37,4454.4141,111.9512,72.3967,4699.1024
408.67,61.37,4376.1465,117.9506,16.0332,4754.7502
408.67,53.5,4381.0996,89.3487,34.5266,4708.9939
408.67,53.5,4308.7886,107.891,48.2954,4639.8976
422.3,53.5,4250.208,105.3971,67.9203,4579.1883
418.44,53.5,4192.1943,114.6457,48.6653,4672.5354
312.98,53.5,4168.8794,99.0106,80.6062,4611.8368
312.96,53.5,4146.3862,90.9445,71.4129,4615.1497
312.92,53.5,4141.0513,72.5737,86.784,4549.997
312.92,53.5,4149.2207,80.9093,68.0536,4537.4303
312.84,53.5,4091.8096,74.6325,66.798,4489.7474
312.13,53.5,4086.8853,67.1826,54.2683,4489.46
312.14,53.5,4096.082,60.0675,58.454,4397.9763
305.94,53.5,4060.3477,66.8364,63.7204,4438.3166
309.08,50.8,4028.6743,89.9852,49.0355,4327.0868
309.08,50.8,4001.3845,91.9761,43.8995,4308.9685
309.11,50.8,3980.8105,101.3423,38.3206,4345.6595
315.31,50.8,3964.7241,65.7072,35.1157,4285.3634
258.18,50.8,3958.1768,46.5608,34.4217,4360.1505
258.2,50.8,3938.8862,62.9151,32.7985,4241.032
312.96,50.8,3907.9001,97.0316,31.6131,4229.8922
220.27,50.8,3896.2156,76.3544,34.6149,4130.4046
104.28,50.8,3876.7983,100.3019,29.4707,4099.691
80.93,50.8,3841.9612,114.8013,30.1227,4074.2057
80.93,50.8,3826.8774,105.6515,29.4184,3999.9406
82.08,50.8,3787.6062,78.4347,26.7372,3860.5872
57.38,46.03,3776.9082,143.6796,23.6623,3922.2018
49.67,46.03,3792.6689,154.4516,13.7635,3864.541
170.28,46.03,3727.7329,298.1316,18.4198,3770.1202
42.95,46.03,3697.0647,315.3942,22.5696,3656.5477
49.86,46.03,3700.9275,282.2205,30.835,3537.3143
49.35,46.03,3656.3865,349.134,31.9925,3496.2044
138.55,46.03,3633.5845,307.7214,38.8601,3539.5484
52.46,46.03,3617.4341,241.9572,35.8757,3624.6394
52.89,46.03,3589.4771,196.6684,38.8997,3598.5172
56.24,46.03,3540.7046,212.7219,27.8873,3640.6206
49.4,46.03,3509.6011,174.3561,33.8582,3642.1475
49.71,46.03,3459.8618,223.5557,30.044,3649.2179
49.38,34.42,3415.7097,165.3703,36.4134,3593.5054
49.06,34.42,3418.1025,224.4959,40.3293,3529.8557
48.21,34.42,3383.5276,165.509,38.5333,3506.6871
48.36,34.42,3342.812,220.3013,37.7366,3502.9499
49.02,34.42,3321.8472,227.4317,35.3599,3543.3874
48.36,34.42,3292.2468,183.2914,32.4462,3568.3242
48.36,34.42,3248.4136,170.9038,33.0878,3494.1001
48.18,34.42,3249.1746,178.1563,33.8077,3458.1097
47.68,34.42,3210.4099,197.6336,33.2522,3443.7553
47.66,34.42,3171.2319,144.9437,35.985,3358.3399
47.66,34.42,3154.4395,79.3882,41.9922,3326.2214
47.99,34.42,3118.25,97.1976,42.8837,3273.9708
85.46,31.17,3101.3198,76.0621,41.688,3298.8846
84.23,31.17,3090.7954,45.7228,43.0243,3351.5222
84.23,31.17,3062.0083,48.4566,42.1873,3267.8308
85.4,31.17,3020.5874,36.272,39.3648,3212.7522
319.5,31.17,3014.2178,44.6583,43.5098,3249.1769
214.06,31.17,3003.3296,31.714,45.3285,3157.9007
107.58,31.17,2962.1631,84.6491,49.6246,3108.5127
86.81,31.17,2927.8887,83.9442,49.0995,3135.9418
85.85,31.17,2889.8364,116.5577,49.3557,3115.2304
85.56,31.17,2884.1707,118.3183,47.527,3048.8348
85.56,31.17,2853.613,116.1932,49.4272,3044.7095
85.53,31.17,2836.8589,74.1788,47.064,2960.4468
85.33,27.46,2812.5884,108.9435,29.4159,2908.7362
84.13,27.46,2794.2427,60.2826,32.9873,2929.3936
84.15,27.46,2754.7993,72.7311,32.1646,2945.6328
83.83,27.46,2733.2744,61.2015,33.7266,2866.6214
82.71,27.46,2704.6406,35.2819,30.5237,2874.7357
84.49,27.46,2702.5603,63.4608,30.6556,2861.4047
80.39,27.46,2688.1816,56.529,27.5646,2827.8205
80.39,27.46,2653.2295,36.9914,24.1776,2855.5482
80.32,27.46,2642.3611,58.0149,22.7523,2828.3486
78.04,27.46,2633.5154,38.6363,24.184,2781.6709
70.35,27.46,2587.7612,39.5388,20.9653,2782.5118
70.35,27.46,2570.4653,62.9096,21.2066,2763.0291
78.18,24.55,2560.2478,69.2177,20.2317,2770.9999
80.28,24.55,2557.1235,95.2581,16.4324,2769.709
77.39,24.55,2543.9023,76.4198,9.6347,2770.2974
27.49,24.55,2525.5854,95.0263,11.3883,2735.0839
22.22,24.55,2507.0796,102.2099,14.0004,2718.0652
22.42,24.55,2481.5879,130.7508,15.923,2723.4645
21.82,24.55,2478.635,150.0891,11.6888,2690.0121
21.17,24.55,2462.686,139.2572,17.2743,2622.5003
20.89,24.55,2457.2156,81.7075,22.0904,2536.3877
20.56,24.55,2442.812,43.2554,24.6721,2528.8221
19.93,24.55,2433.7839,90.1156,19.7852,2556.9532
19.36,24.55,2409.3804,85.5184,18.9208,2533.0521
22.46,23.82,2394.8989,26.0725,19.1022,2506.1224
22.1,23.82,2373.3411,35.4778,21.895,2481.2281
22.03,23.82,2375.207,77.1,21.1549,2445.3415
21.33,23.82,2358.428,19.4712,25.0419,2389.1326
21.13,23.82,2360.6421,43.5718,28.2784,2351.7579
21.13,23.82,2344.6855,97.1809,30.8744,2379.934
20.14,23.82,2335.0679,48.7957,31.7513,2373.3439
20.12,23.82,2333.293,59.2757,33.0622,2338.8097
20.08,23.82,2312.0171,90.0805,32.0483,2369.4249
19.55,23.82,2301.8477,91.4194,31.755,2364.203
19.57,23.82,2308.3623,53.5873,28.4144,2338.3835
19.16,23.82,2291.7219,28.6402,30.3675,2303.0558
19.54,23.58,2286.4265,76.3771,27.3358,2305.8145
19.53,23.58,2278.3262,98.0687,24.8081,2330.9257
19.22,23.58,2291.8315,76.1556,25.6649,2337.1308
18.8,23.58,2269.7319,47.2849,24.9416,2326.9118
18.75,23.58,2276.2822,82.8769,23.5567,2322.3755
18.74,23.58,2271.3843,26.7137,17.1142,2319.1297
18.71,23.58,2246.8159,6.045,13.9806,2309.9863
18.71,23.58,2253.5605,1.7374,12.8267,2321.9739
18.69,23.58,2230.7522,-12.5957,9.1401,2333.0333
18.68,23.58,2240.2544,-9.3449,9.415,2332.4455
18.61,23.58,2225.1133,0.007,8.4653,2332.0112
17.77,23.58,2221.9399,-7.6942,6.8823,2304.3638
15.16,23.02,2212.0542,1.0377,8.6309,2272.7947
15.19,23.02,2224.6445,5.2104,6.2499,2278.44
15.17,23.02,2213.6748,-3.8612,6.3385,2300.1729
15.16,23.02,2232.23,-3.4829,7.5075,2279.5815
15.17,23.02,2230.0781,10.1205,10.8769,2286.1125
15.16,23.02,2207.0103,21.9827,11.4432,2274.9587
15.17,23.02,2194.9229,16.868,10.4131,2273.1654
15.16,23.02,2192.8762,13.9399,10.6512,2281.7505
15.13,23.02,2181.7256,18.3577,12.8802,2250.0716
14.33,23.02,2167.2632,20.0711,10.043,2236.8776
12.64,23.02,2172.0674,13.5916,12.5614,2248.2626
12.61,23.02,2170.7539,18.9326,14.8436,2235.653
15.11,22.52,2151.3223,15.9553,17.9336,2218.3009
18.08,22.52,2155.9634,14.1503,19.2273,2206.3253
18.06,22.52,2170.2263,10.667,19.1356,2236.4961
17.68,22.52,2154.501,12.9856,18.2153,2207.4486
17.68,22.52,2140.1533,6.0937,17.8341,2221.2688
18.1,22.52,2138.532,2.3839,20.183,2229.0459
18.1,22.52,2145.8394,6.5863,22.7075,2175.1924
18.7,22.52,2132.5569,5.8633,24.9887,2178.3927
18.29,22.52,2128.9014,7.5011,26.6967,2137.7921
18.1,22.52,2122.3413,9.2188,26.8583,2155.996
18.08,22.52,2132.9568,10.2735,25.8675,2148.3405
18.08,22.52,2116.2581,6.6936,25.9181,2149.8443
16.03,23.29,2142.0017,7.8279,25.9823,2132.903
17.13,23.29,2121.9897,7.2102,28.4106,2143.7687
17.44,23.29,2156.8867,8.859,28.2827,2146.0061
17.41,23.29,2145.3613,9.0857,30.1856,2167.9424
17.38,23.29,2161.9546,8.2858,29.2756,2186.2851
17.42,23.29,2136.8042,10.1631,27.5717,2138.5796
17.44,23.29,2154.3442,8.1272,24.6276,2125.2065
17.46,23.29,2154.6958,7.3445,25.2843,2121.9427
17.48,23.29,2136.0815,9.9489,24.0126,2104.7975
18.16,23.29,2151.6499,9.8531,26.4619,2069.5818
18.15,23.29,2145.2319,8.8122,26.3979,2078.3918
18.78,23.29,2148.5391,8.656,27.4295,2083.2479
15.18,24.29,2154.3608,10.2277,24.5284,2070.495
16.81,24.29,2170.9185,9.1931,23.8772,2089.166
17.6,24.29,2207.2695,13.3058,23.6052,2113.9675
17.62,24.29,2201.1001,11.6902,21.3924,2112.1485
17.65,24.29,2222.281,14.7578,23.9039,2071.7618
17.68,24.29,2244.4863,13.4152,24.0455,2074.4112
17.62,24.29,2228.2825,15.9208,25.5748,2081.7254
17.67,24.29,2235.0464,19.1597,25.2703,2077.8705
17.68,24.29,2241.8882,18.211,24.665,2070.8767
17.67,24.29,2266.9158,15.2338,22.6253,2080.6437
15.82,24.29,2263.8933,16.7072,22.5269,2105.378
16.39,24.29,2254.0503,15.4813,21.9782,2089.8499
9.56,28.42,2263.9126,13.9684,24.7145,2118.5615
9.48,28.42,2271.0996,14.6599,24.8475,2099.6218
15.02,28.42,2286.7024,17.0771,26.6496,2135.1161
15.8,28.42,2311.1414,17.6322,25.3933,2153.0124
16.91,28.42,2335.5901,17.3033,24.4621,2178.0692
16.93,28.42,2289.6233,16.3221,23.4152,2150.7736
15.67,28.42,2300.1372,16.7651,24.3126,2158.9646
15.79,28.42,2297.1843,16.8104,24.0199,2181.1818
15.75,28.42,2313.408,14.2103,23.7472,2120.1766
15.66,28.42,2303.304,15.7323,24.5373,2138.7967
15.61,28.42,2303.3057,19.042,24.8943,2130.9359
15.69,28.42,2309.2341,18.8926,23.6163,2155.9743
14.95,28.85,2297.1392,16.6527,25.6696,2146.8164
14.87,28.85,2324.3662,17.3143,26.3566,2165.1992
14.84,28.85,2341.0154,18.3689,27.184,2237.4855
15.5,28.85,2343.9326,18.7379,26.3318,2267.612
15.65,28.85,2349.0444,17.1281,26.7498,2287.2865
15.63,28.85,2358.6807,18.2579,27.0029,2348.3077
16.12,28.85,2360.7197,17.8083,25.7218,2325.5338
15.62,28.85,2336.9456,18.6932,25.5288,2322.2871
15.53,28.85,2362.2495,16.8597,25.4742,2340.4911
14.83,28.85,2361.467,17.5787,25.5644,2359.1532
14.81,28.85,2371.9478,18.778,25.5885,2365.0505
14.84,28.85,2390.6135,15.623,24.8103,2342.689
15.57,32.79,2369.7417,13.9269,29.2253,2335.6893
16.18,32.79,2406.6143,10.9742,29.3489,2318.9615
16.13,32.79,2419.9924,14.9465,29.741,2354.1028
16.13,32.79,2426.5093,15.6943,30.0627,2393.8194
16.13,32.79,2451.1155,17.3882,30.282,2434.0508
16.14,32.79,2425.3984,17.2962,29.7791,2346.4838
16.76,32.79,2446.3862,16.4426,29.5935,2319.1689
16.65,32.79,2448.6301,15.7175,29.2885,2307.8217
16.77,32.79,2452.7163,17.3048,30.6188,2306.2384
17.13,32.79,2491.4541,18.3777,32.3753,2287.8016
17.35,32.79,2472.4507,18.6891,32.3438,2289.9246
17.35,32.79,2494.4001,17.1128,31.4846,2310.0898
17.19,35.0,2492.5933,15.183,31.6091,2253.6646
17.16,35.0,2475.4404,15.6485,32.7113,2299.555
17.13,35.0,2519.1489,15.6205,32.2994,2343.043
17.11,35.0,2495.8511,16.4573,32.0249,2340.0421
17.11,35.0,2526.8381,15.8637,33.6849,2324.9262
17.27,35.0,2526.6914,14.9813,31.6147,2371.1454
17.29,35.0,2550.7197,14.7044,31.9546,2367.3935
17.39,35.0,2539.3538,15.1031,31.2386,2328.9787
17.41,35.0,2546.5195,15.7794,31.0588,2365.6465
17.61,35.0,2554.0488,14.8562,29.0201,2406.8103
17.59,35.0,2557.0303,15.3563,29.6065,2400.1748
17.62,35.0,2576.8389,14.9198,31.4269,2424.5271
17.02,38.14,2591.9204,14.1917,34.0076,2406.0641
17.1,38.14,2601.9072,15.0543,32.9972,2448.4348
17.17,38.14,2620.7844,16.8425,33.2595,2498.0973
17.21,38.14,2631.24,17.3562,32.0285,2500.8773
17.42,38.14,2641.8315,19.2599,31.6922,2548.0841
17.82,38.14,2663.1128,17.4244,33.4479,2475.258
17.84,38.14,2675.3931,18.7524,34.6847,2479.5457
18.18,38.14,2671.2617,17.6842,34.0792,2494.0142
18.16,38.14,2694.8281,16.4615,32.5762,2497.9572
18.19,38.14,2691.8521,20.1514,33.7687,2556.9102
18.3,38.14,2727.5015,18.5159,32.4717,2549.83
18.32,38.14,2743.9961,18.1688,32.7067,2556.4008
18.21,40.44,2760.6089,15.9686,36.1203,2532.5584
17.8,40.44,2775.9814,15.5598,36.365,2487.9685
17.88,40.44,2793.2717,16.0466,36.5476,2539.9332
17.88,40.44,2778.1055,15.7876,36.5557,2501.1907
17.9,40.44,2819.6846,18.6835,37.4163,2549.6111
17.92,40.44,2830.7368,17.5145,37.9445,2562.1808
18.37,40.44,2848.8511,17.7084,37.8161,2601.6849
18.62,40.44,2844.4387,17.5381,37.8371,2591.3619
18.61,40.44,2896.3154,16.8594,37.6345,2596.7995
19.69,40.44,2900.8931,17.3315,36.376,2617.697
19.86,40.44,2887.9238,18.2444,37.8184,2598.1934
20.0,40.44,2896.5339,18.1353,38.5669,2624.8067
19.69,42.22,2918.7119,17.8069,41.9885,2647.2331
19.73,42.22,2929.8203,18.6455,41.1883,2677.9611
19.85,42.22,2950.3042,19.9622,41.2143,2705.4483
19.73,42.22,2959.3911,18.5426,40.4433,2743.0708
19.91,42.22,2968.3499,19.5323,39.8196,2753.1104
20.08,42.22,2998.2898,19.5592,40.6229,2763.0516
21.83,42.22,2995.375,19.2349,41.5722,2770.6125
22.34,42.22,3005.9614,20.8174,41.0909,2760.2278
26.03,42.22,3028.8982,18.8661,41.0259,2778.0284
22.26,42.22,3043.1646,20.0463,40.4304,2772.8129
21.04,42.22,3069.5537,21.6087,39.6635,2840.3183
21.67,42.22,3096.3252,20.2253,40.5154,2878.9173
22.26,43.34,3084.7383,19.4385,42.388,2883.6651
22.28,43.34,3102.4709,19.049,43.0074,2876.0289
23.07,43.34,3105.9521,18.6856,42.6768,2893.6013
22.24,43.34,3129.825,18.0508,41.4338,2867.6519
23.16,43.34,3129.6194,19.9704,42.334,2912.7811
25.03,43.34,3150.1125,19.9555,42.043,2957.9861
23.12,43.34,3180.8633,21.4162,42.2142,2975.6573
22.9,43.34,3203.3306,20.154,41.7467,2972.6872
22.68,43.34,3203.9385,20.4408,42.4992,3025.4062
23.22,43.34,3231.6943,20.8318,42.591,3061.6364
27.2,43.34,3232.9849,20.7632,41.4969,3021.6076
26.73,43.34,3254.5867,19.6892,41.772,3018.5885
24.22,54.06,3254.5281,19.9871,43.247,3039.7718
25.78,54.06,3282.0571,21.1747,42.6739,3055.5971
24.32,54.06,3292.9521,22.4179,44.0306,3077.8201
26.95,54.06,3298.2334,21.9879,44.1196,3087.4764
27.15,54.06,3322.2891,23.0178,44.3744,3092.2104
26.99,54.06,3309.3508,22.993,44.791,3121.0344
26.28,54.06,3333.4126,22.2406,43.9947,3127.0622
26.39,54.06,3342.0566,22.8328,43.7711,3128.1987
26.29,54.06,3350.4849,24.2435,44.5612,3147.4368
27.15,54.06,3367.1953,24.9163,44.7175,3169.2715
28.68,54.06,3352.5532,24.8956,45.2056,3197.5753
29.95,54.06,3370.3765,24.8788,46.3196,3224.8576
26.84,43.07,3370.311,25.4853,46.4007,3209.918
24.3,43.07,3370.8386,25.5711,45.8985,3221.2414
25.62,43.07,3386.4746,22.9796,42.6413,3236.4869
25.59,43.07,3387.8992,22.7262,43.6047,3247.4718
25.6,43.07,3397.0259,24.0462,42.4288,3257.2894
26.16,43.07,3368.3394,23.5364,42.9993,3267.3606
26.65,43.07,3387.7063,26.8414,44.0337,3315.9579
26.69,43.07,3366.334,26.5887,46.8165,3341.5896
26.11,43.07,3369.2009,26.5314,43.4699,3340.8324
24.4,43.07,3361.6292,25.5453,41.2292,3369.9444
24.4,43.07,3349.4297,24.6547,39.5557,3375.4333
25.87,43.07,3349.8794,25.4953,40.5188,3383.0236
33.12,41.56,3348.1567,25.0104,50.844,3403.5122
33.09,41.56,3333.0488,26.8544,51.7863,3415.5
30.0,41.56,3325.8018,29.7431,56.3527,3426.9869
26.91,41.56,3310.3298,29.7583,55.1944,3406.7473
26.91,41.56,3293.1499,30.7558,57.2138,3421.8943
33.15,41.56,3255.7126,30.9627,52.9795,3393.5795
34.42,41.56,3258.3174,28.9891,49.2048,3415.8212
34.46,41.56,3249.9961,27.8819,54.25,3410.2188
34.53,41.56,3226.6699,27.5945,57.6077,3385.0977
34.6,41.56,3205.2507,31.9001,61.8151,3388.5243
34.09,41.56,3207.6899,31.1074,59.4483,3356.4017
30.22,41.56,3188.012,31.1504,51.8209,3375.8606
32.21,35.01,3172.9255,24.0321,37.1963,3326.0423
32.15,35.01,3156.6953,26.0243,31.3246,3310.3745
32.03,35.01,3126.5762,21.7572,40.8922,3303.182
31.97,35.01,3140.2305,21.2977,42.2231,3294.6999
31.98,35.01,3139.6357,20.2329,44.6556,3297.2641
31.94,35.01,3110.5359,21.9231,34.3458,3264.6726
32.03,35.01,3108.9429,21.7077,31.9568,3255.4295
32.03,35.01,3110.9546,19.923,28.2988,3232.526
31.86,35.01,3112.0212,23.0772,26.582,3238.0595
31.73,35.01,3111.3647,18.5947,25.3599,3204.4141
32.0,35.01,3102.0933,17.7211,30.212,3145.9858
32.27,35.01,3089.2844,20.1406,40.8247,3139.7197
60.33,30.34,3090.7676,27.8052,32.4144,3152.3341
60.41,30.34,3068.897,28.2103,22.4507,3165.7653
88.32,30.34,3065.1802,31.6404,18.9011,3189.1815
39.17,30.34,3063.6553,26.8479,17.2488,3155.1913
39.14,30.34,3044.1182,28.0843,23.648,3110.4743
39.14,30.34,3020.769,26.7059,30.5916,3022.0048
39.14,30.34,3010.7261,30.6965,34.866,3002.2021
39.13,30.34,2993.9919,35.1271,36.4208,3013.0575
39.11,30.34,2968.9106,30.5895,31.737,2986.2388
39.14,30.34,2950.8779,31.2676,31.3729,2948.3514
39.13,30.34,2939.3606,32.0832,26.9709,2956.853
60.27,30.34,2906.9351,31.7414,29.2397,2934.9125
31.73,27.62,2894.8811,29.9464,27.2708,2888.901
31.19,27.62,2870.2178,27.239,35.4028,2822.1567
30.5,27.62,2840.4619,26.7971,35.3299,2775.4613
28.6,27.62,2793.9102,30.2821,34.0626,2788.1806
27.14,27.62,2812.6167,31.7844,32.1231,2830.5129
26.88,27.62,2768.3247,30.1749,29.3477,2798.3939
26.85,27.62,2769.106,32.2827,30.0274,2797.8845
26.81,27.62,2735.7969,27.1645,30.2595,2827.3668
21.32,27.62,2719.6387,34.8201,30.1551,2828.9655
26.24,27.62,2695.801,32.9083,29.2164,2868.8478
26.25,27.62,2655.8494,26.0575,30.3986,2847.0558
25.41,27.62,2636.0859,32.8077,29.1916,2840.4442
30.11,26.29,2619.0645,39.9577,23.582,2851.7658
29.68,26.29,2594.9824,41.2189,20.5676,2845.7597
26.31,26.29,2588.2336,53.826,20.7855,2850.6659
21.86,26.29,2555.1863,47.6915,19.2163,2877.6507
21.85,26.29,2559.8267,42.059,19.7996,2833.8184
21.89,26.29,2546.0249,31.1072,22.3208,2757.2905
22.29,26.29,2504.7488,30.5964,23.4205,2727.6945
19.34,26.29,2504.6033,34.876,23.0749,2735.5405
19.25,26.29,2457.2234,34.0842,20.1316,2706.4605
19.12,26.29,2425.501,16.5168,19.9186,2659.1694
19.3,26.29,2425.0938,21.7019,19.5852,2662.6585
19.52,26.29,2385.2402,26.2846,20.6034,2615.5134
21.24,22.09,2369.165,25.5191,19.2063,2589.0527
160.05,22.09,2381.2261,21.3807,22.4182,2532.5925
33.63,22.09,2345.3455,23.7885,22.7015,2510.8931
22.63,22.09,2337.8584,21.4936,24.0502,2406.8289
24.99,22.09,2337.4834,20.2315,24.3079,2466.6716
22.57,22.09,2326.0215,23.9016,24.3442,2445.561
26.32,22.09,2301.9844,24.6749,24.987,2436.3933
26.45,22.09,2268.511,25.1032,24.3068,2423.1411
26.32,22.09,2256.5732,23.0417,25.3021,2388.2956
24.48,22.09,2231.7078,25.0246,24.6686,2367.6541
22.05,22.09,2217.3809,27.7125,24.8786,2293.7038
21.26,22.09,2215.6226,26.7876,22.8129,2310.7635
22.13,21.75,2185.998,30.0832,23.8955,2277.1211
25.04,21.75,2172.7183,29.0976,23.2997,2254.5824
22.65,21.75,2166.4199,39.3623,24.3648,2254.219
22.34,21.75,2155.6978,42.699,22.6114,2240.9571
22.03,21.75,2144.2478,31.3326,22.9137,2267.9529
22.03,21.75,2133.3828,26.8872,21.5994,2278.9844
22.53,21.75,2129.5232,12.86,19.8094,2232.8624
22.08,21.75,2103.197,26.6628,20.2519,2238.2434
22.07,21.75,2101.6094,1.3398,19.6024,2180.5915
22.05,21.75,2088.1138,16.0261,19.6671,2122.8163
22.01,21.75,2079.4014,15.3234,20.1861,2132.3317
22.05,21.75,2074.7363,1.0206,19.0659,2091.8071
22.07,20.68,2078.3809,23.4298,15.1898,2062.3782
21.12,20.68,2061.0176,52.8324,17.0677,2090.7653
21.35,20.68,2071.1455,22.2467,13.2247,2089.6738
21.33,20.68,2061.978,30.9248,14.7863,2081.0154
20.97,20.68,2053.3379,18.297,17.724,2083.6883
21.08,20.68,2053.5632,13.3318,19.6579,2097.8722
20.27,20.68,2034.0461,24.5659,20.8713,2072.4895
19.53,20.68,2030.8047,21.7686,18.3036,2038.5884
18.84,20.68,2014.3582,30.3706,17.8953,2031.8815
19.38,20.68,2003.8708,19.5561,13.8619,2019.463
20.16,20.68,1991.0859,-10.774,15.1354,2005.588
20.83,20.68,1984.0112,25.6196,16.7947,1999.9005
20.29,20.54,1988.9733,-2.7836,18.5284,1968.4867
19.35,20.54,1974.9948,11.7735,17.4035,1980.1601
19.35,20.54,1992.4524,18.617,19.53,1966.5236
19.29,20.54,1975.0027,3.0179,17.0875,1965.8431
19.32,20.54,1977.4413,32.3172,20.7362,1955.9552
19.61,20.54,1975.8679,28.4443,21.0423,1941.5545
20.05,20.54,1981.8975,23.0061,19.8015,1968.2516
19.82,20.54,1973.0178,33.2958,20.6041,1931.3733
18.75,20.54,1962.4033,7.2049,20.8206,1945.9036
18.75,20.54,1973.8315,24.1404,20.974,1947.6774
18.81,20.54,1962.7185,25.4969,20.1625,1959.7295
18.84,20.54,1969.7921,7.8408,19.8214,1962.7267
18.96,21.71,1955.8054,16.5041,21.901,1968.2408
18.84,21.71,1962.5613,25.0383,19.4202,1954.0338
18.74,21.71,1958.9646,21.5313,19.3904,1980.4376
19.0,21.71,1971.8196,20.0232,22.4988,1937.2863
18.88,21.71,1974.5254,16.8928,19.1574,1950.3059
18.9,21.71,1982.4272,15.5113,16.1079,1986.2873
18.91,21.71,1980.7562,17.5801,16.4411,1978.2368
19.54,21.71,1999.9135,13.2927,17.5579,1955.613
19.54,21.71,1999.7839,10.4152,18.8328,1947.1412
19.53,21.71,1981.5862,17.9621,17.2972,1941.3429
19.34,21.71,1985.4587,10.4107,19.0136,1921.7642
19.38,21.71,1988.2056,13.1635,17.8119,1923.4711
21.59,23.23,1988.9392,15.9074,18.0614,1928.9375
22.13,23.23,1995.9873,21.5425,19.038,1916.3052
22.08,23.23,2021.3173,14.9322,19.8063,1943.8665
18.92,23.23,2022.8728,16.6954,21.6579,1913.0523
21.13,23.23,2019.785,19.2017,21.6851,1911.8696
21.51,23.23,2033.1036,17.3709,21.0202,1936.7983
21.49,23.23,2037.4203,19.3334,21.8759,1965.2348
22.03,23.23,2038.173,21.6949,20.6391,1971.5259
22.47,23.23,2028.8235,20.8823,21.2636,1959.3901
22.56,23.23,2069.9692,18.407,22.7821,1965.9388
22.21,23.23,2049.2502,19.1334,22.9427,1943.7908
25.09,23.23,2044.1401,22.9908,22.7128,1965.009
24.78,23.27,2044.2871,18.9983,22.9444,1950.7249
24.7,23.27,2033.4084,16.1506,23.4193,1956.8492
24.49,23.27,2069.8323,19.5501,23.8434,1958.9763
24.52,23.27,2090.2861,20.9491,22.9245,1984.9453
26.99,23.27,2105.8574,19.2794,23.248,2002.347
27.47,23.27,2095.7461,19.7041,24.6011,2004.7432
29.7,23.27,2119.697,20.1687,24.1388,2019.7045
31.17,23.27,2122.189,20.027,24.3868,2049.4575
30.33,23.27,2141.3613,19.5508,23.1909,2065.131
30.33,23.27,2152.917,20.144,24.1109,2016.5254
30.75,23.27,2155.7368,21.0017,22.1919,2031.8775
31.92,23.27,2178.8567,19.0829,23.087,2023.7137
28.02,27.65,2159.8423,20.6565,24.8131,2030.5291
27.29,27.65,2204.6455,20.858,25.6014,2029.4329
30.05,27.65,2248.1074,23.1305,25.6861,2077.6681
27.26,27.65,2273.3655,22.3545,24.9321,2094.9625
26.97,27.65,2287.8911,22.136,24.9963,2076.9011
27.29,27.65,2292.7178,20.7662,25.2539,2098.7203
28.73,27.65,2307.7212,22.6747,25.1875,2108.1307
29.18,27.65,2327.1091,23.0136,24.6352,2107.1659
31.38,27.65,2345.519,23.9464,25.7393,2075.9218
31.54,27.65,2345.062,24.0319,26.3723,2137.4985
31.41,27.65,2330.2209,25.2312,25.6878,2123.6106
31.83,27.65,2358.1133,27.2907,25.5865,2102.6894
30.96,28.76,2363.7905,24.4746,24.224,2100.0957
31.63,28.76,2392.6765,23.4219,23.2899,2063.5036
32.01,28.76,2439.3855,26.3379,24.2887,2115.6537
32.02,28.76,2439.2756,26.7099,26.3371,2148.6566
32.48,28.76,2442.1699,27.2664,26.9111,2178.9232
32.04,28.76,2445.8447,30.2487,26.455,2162.6453
32.17,28.76,2472.3372,30.0867,26.4529,2194.4113
32.48,28.76,2473.1797,30.7091,25.2065,2220.7579
32.71,28.76,2491.3081,31.7774,24.3631,2245.7543
32.51,28.76,2509.5051,31.4147,24.651,2267.7352
28.95,28.76,2483.373,32.3965,26.4733,2256.0754
32.5,28.76,2502.0635,31.609,26.8731,2286.7535
31.82,30.41,2519.1289,31.5228,30.9863,2261.0555
31.65,30.41,2510.6602,32.5517,31.4046,2324.6453
31.59,30.41,2531.9753,34.0242,31.851,2402.2626
31.14,30.41,2551.4507,33.4474,30.5961,2471.0571
30.5,30.41,2555.9541,33.2637,30.5356,2484.3911
30.86,30.41,2558.1841,30.8678,30.7101,2466.8685
29.68,30.41,2576.7627,30.0657,30.3119,2463.591
29.44,30.41,2573.7698,32.9775,29.9462,2473.7787
28.28,30.41,2591.8105,31.5951,29.4506,2504.1795
28.09,30.41,2606.6643,34.3164,29.6823,2488.7429
27.0,30.41,2623.3821,35.1599,26.4593,2463.4664
29.57,30.41,2608.2012,34.3053,27.4294,2484.5835
29.53,30.59,2644.8628,31.7384,28.4645,2471.8864
25.61,30.59,2652.1162,32.8631,31.8502,2462.8711
26.15,30.59,2649.4399,35.4204,33.3313,2542.9931
29.94,30.59,2655.0637,34.3361,33.0494,2539.068
29.35,30.59,2661.1025,33.314,30.2573,2543.0772
129.32,30.59,2694.228,32.4674,29.8439,2516.0393
31.32,30.59,2720.667,34.0872,31.2366,2542.152
28.02,30.59,2738.7397,33.4246,30.7087,2554.9045
27.01,30.59,2737.3347,34.4714,31.7576,2561.0134
27.59,30.59,2726.2529,34.3235,31.5832,2603.333
29.54,30.59,2743.2056,31.989,30.8907,2557.3423
28.67,30.59,2740.8701,31.3084,30.9522,2565.1128
21.18,30.94,2743.064,31.6816,32.4873,2575.9624
20.78,30.94,2772.5557,30.5458,30.358,2568.643
20.98,30.94,2759.2905,32.7242,30.443,2597.7449
22.0,30.94,2791.1931,31.3302,30.868,2623.6051
24.22,30.94,2814.4585,32.5028,30.8096,2619.8278
25.11,30.94,2823.0415,32.5954,32.0012,2595.8606
25.07,30.94,2839.1902,35.4772,32.1185,2619.307
25.09,30.94,2855.0752,41.6258,31.8457,2632.9945
25.46,30.94,2856.0464,32.5164,30.8046,2657.8723
25.46,30.94,2867.8247,24.8151,30.7049,2689.8074
25.6,30.94,2893.0874,32.879,31.556,2708.8474
26.12,30.94,2888.1895,34.383,31.5011,2679.6731
26.05,31.85,2913.6465,27.4058,32.1617,2690.5756
29.17,31.85,2914.0225,26.1499,32.2975,2701.6958
29.22,31.85,2919.8938,39.4183,30.4773,2695.5802
30.52,31.85,2949.2947,30.516,29.1685,2709.4013
30.8,31.85,2943.5029,16.8382,28.9792,2711.7214
30.76,31.85,2962.9875,48.5642,31.0324,2732.0263
30.79,31.85,2987.6079,43.2075,30.2739,2783.8814
30.54,31.85,2995.1462,34.5112,30.4439,2839.1356
30.73,31.85,3007.5591,38.2117,31.5721,2813.9552
32.71,31.85,3025.79,28.5014,30.4166,2795.2973
35.35,31.85,3042.3308,3.129,30.5126,2805.3713
35.88,31.85,3062.2002,32.9918,29.5865,2795.7568
32.0,32.87,3093.2764,18.0152,28.6947,2788.0741
36.12,32.87,3086.4595,10.8925,28.5284,2820.8011
36.92,32.87,3122.8247,6.4134,29.1386,2791.0128
37.18,32.87,3154.4414,25.7652,28.8111,2833.4779
37.22,32.87,3164.9668,16.1693,30.117,2865.7453
37.74,32.87,3185.2031,20.6367,29.6395,2919.1246
40.2,32.87,3212.7827,18.5758,30.0158,2920.208
40.24,32.87,3224.6113,14.6936,28.664,2940.1414
40.5,32.87,3240.498,14.6866,30.4049,2939.8804
39.97,32.87,3264.6482,28.2772,30.7836,2933.2369
39.71,32.87,3280.2507,30.8128,30.2217,2997.3158
105.97,32.87,3273.0977,28.6929,30.8686,2976.0483
33.63,36.32,3290.1333,30.0871,31.6754,3021.9749
35.36,36.32,3314.2656,32.2449,30.3572,3025.9934
35.77,36.32,3319.7957,29.7427,29.583,3025.6981
34.47,36.32,3350.7815,20.3153,30.4889,3049.1383
32.65,36.32,3365.126,29.6705,31.217,3021.1868
32.32,36.32,3378.1895,37.9033,30.9858,3026.5879
33.66,36.32,3403.4692,36.4295,31.1387,3068.0266
33.66,36.32,3394.2935,36.6898,32.1967,3065.1551
33.66,36.32,3404.4395,33.9019,30.0402,3094.4788
33.69,36.32,3422.0073,29.2396,29.0742,3127.3536
34.7,36.32,3434.3784,36.1958,31.2593,3167.1342
33.66,36.32,3457.3564,33.87,31.6974,3189.948
31.73,41.31,3463.1348,23.4379,34.0261,3212.966
31.76,41.31,3472.7896,41.4436,34.1712,3230.1666
35.38,41.31,3481.7297,33.0493,34.5839,3260.7575
35.4,41.31,3509.749,27.7117,35.5637,3314.9563
35.38,41.31,3554.115,44.0584,35.356,3327.2978
32.61,41.31,3556.3252,46.3674,34.7215,3339.687
35.41,41.31,3596.4673,30.9045,35.2158,3377.213
62.7,41.31,3577.1301,38.1235,35.4689,3386.7738
62.73,41.31,3581.8135,42.4396,34.6932,3395.3452
49.04,41.31,3573.6587,30.1297,34.9766,3438.9088
35.41,41.31,3598.3389,35.3378,35.7944,3432.2323
35.38,41.31,3584.2373,55.6343,35.2704,3426.1488
32.12,59.83,3597.1431,49.359,37.7314,3439.6557
37.13,59.83,3620.6904,32.1697,38.8023,3454.0172
40.07,59.83,3611.5449,33.0086,39.8531,3425.9113
40.53,59.83,3636.6736,47.6392,41.3471,3465.7863
42.78,59.83,3654.5127,27.2494,41.317,3497.102
43.07,59.83,3669.2444,23.9589,41.2163,3486.7662
44.28,59.83,3677.748,28.843,41.0351,3524.3369
48.06,59.83,3696.3982,35.9063,38.8871,3540.9519
50.67,59.83,3694.8325,9.9009,39.1316,3524.935
66.46,59.83,3680.6929,25.7489,40.3547,3507.8198
67.57,59.83,3692.0505,31.5294,41.2726,3521.3846
69.19,59.83,3701.5542,45.9339,40.7662,3590.4528
66.03,50.0,3706.5913,35.6811,46.3414,3585.1977
50.12,50.0,3735.5774,34.6501,46.5882,3588.8156
54.6,50.0,3749.2783,39.9363,46.2696,3595.2804
54.45,50.0,3736.3086,38.2655,44.007,3633.4179
56.21,50.0,3766.7742,43.1993,42.6913,3718.7791
84.89,50.0,3775.6326,40.3847,44.1683,3699.3085
56.11,50.0,3770.6147,40.9516,45.2217,3749.4714
56.11,50.0,3796.3562,46.5707,45.3874,3701.3378
56.12,50.0,3790.229,50.5131,40.2409,3684.0693
56.18,50.0,3769.083,48.9683,37.6261,3663.3715
62.93,50.0,3786.6274,48.8122,33.6408,3695.2227
56.31,50.0,3809.5908,29.987,34.04,3657.4603
56.44,37.25,3788.925,38.9609,64.1341,3686.6342
56.39,37.25,3782.0688,39.8628,65.3375,3704.063
60.87,37.25,3746.7422,44.1604,66.005,3688.3535
60.65,37.25,3739.4736,45.9954,60.7313,3718.079
56.45,37.25,3736.8589,42.6132,57.3471,3746.554
54.58,37.25,3731.3406,44.98,57.941,3744.0536
54.62,37.25,3723.3877,43.9491,65.7273,3745.1149
54.63,37.25,3717.0107,53.8324,69.6278,3774.7663
54.71,37.25,3684.4824,48.0409,76.9578,3751.4978
71.03,37.25,3647.4963,62.7952,77.0871,3706.5996
97.72,37.25,3646.2,62.4486,74.9984,3725.1385
95.53,37.25,3628.9268,71.687,69.6835,3735.676
56.3,35.56,3618.7791,56.9568,41.8464,3702.5359
48.92,35.56,3600.5056,65.9784,51.7292,3733.7768
47.43,35.56,3568.9631,50.1931,59.057,3735.8719
47.3,35.56,3561.783,55.8379,66.7486,3680.6242
49.02,35.56,3561.144,58.4666,64.2069,3733.4614
70.49,35.56,3558.3899,58.5967,53.2511,3746.7368
99.67,35.56,3515.5439,58.9241,35.1445,3737.4536
93.89,35.56,3500.1729,51.0436,22.9214,3776.0239
93.51,35.56,3491.8174,52.3244,32.2731,3744.0235
91.21,35.56,3477.0276,45.4581,39.5693,3690.7535
45.15,35.56,3494.6697,44.8486,40.6316,3675.4204
44.48,35.56,3490.2612,43.2859,42.7894,3710.6328
44.49,32.63,3454.3081,52.662,18.2014,3667.6131
53.43,32.63,3447.2097,49.9238,-3.2903,3660.2006
43.01,32.63,3415.4534,44.6946,-3.6299,3597.2992
43.02,32.63,3412.0503,45.2121,-0.5568,3552.6155
42.52,32.63,3401.5105,43.5946,5.3828,3521.6269
41.49,32.63,3403.0129,49.9339,8.2743,3521.4508
41.34,32.63,3405.9209,52.1077,16.7249,3485.5874
40.77,32.63,3381.0815,53.569,17.6608,3499.2212
40.74,32.63,3385.6382,55.2693,12.0838,3442.1593
42.82,32.63,3388.8682,50.5534,11.6075,3377.8562
42.77,32.63,3393.6924,60.3315,7.9541,3380.3305
42.92,32.63,3371.5261,68.4134,12.1372,3344.1782
44.57,30.49,3355.7036,70.0362,16.9613,3340.9942
41.37,30.49,3354.2146,64.6772,27.2647,3295.4844
41.27,30.49,3321.7197,68.6543,33.9287,3236.7678
39.55,30.49,3284.9346,63.867,36.6135,3229.182
38.43,30.49,3281.9712,64.874,33.0119,3258.8423
38.47,30.49,3258.394,62.5243,31.0557,3280.3622
38.37,30.49,3234.2358,63.0452,24.8211,3233.6237
37.23,30.49,3224.7422,71.4108,22.2947,3223.5006
36.19,30.49,3185.7756,70.6811,25.7591,3206.7395
36.12,30.49,3152.7439,82.6233,31.4112,3141.4286
37.19,30.49,3143.873,83.4194,39.2817,3167.4783
38.37,30.49,3125.7944,79.402,36.131,3193.1509
36.69,26.77,3118.8965,55.3716,36.0156,3132.0668
